1|-10.0|45.0
2|-9.9|45.0
3|-9.8|45.0
4|-9.7|45.0
5|-9.6|45.0
6|-9.5|45.0
7|-9.4|45.0
8|-9.3|45.0
9|-9.2|45.0
10|-9.1|45.0
11|-9.0|45.0
12|-8.9|45.0
13|-8.8|45.0
14|-8.7|45.0
15|-8.6|45.0
16|-8.5|45.0
17|-8.4|45.0
18|-8.3|45.0
19|-8.2|45.0
20|-8.1|45.0
21|-8.0|45.0
22|-7.9|45.0
23|-7.8|45.0
24|-7.7|45.0
25|-7.6|45.0
26|-7.5|45.0
27|-7.4|45.0
28|-7.3|45.0
29|-7.2|45.0
30|-7.1|45.0
31|-7.0|45.0
32|-6.9|45.0
33|-6.8|45.0
34|-6.7|45.0
35|-6.6|45.0
36|-6.5|45.0
37|-6.4|45.0
38|-6.3|45.0
39|-6.2|45.0
40|-6.1|45.0
41|-6.0|45.0
42|-5.9|45.0
43|-5.8|45.0
44|-5.7|45.0
45|-5.6|45.0
46|-5.5|45.0
47|-5.4|45.0
48|-5.3|45.0
49|-5.2|45.0
50|-5.1|45.0
51|-5.0|45.0
52|-4.9|45.0
53|-4.8|45.0
54|-4.7|45.0
55|-4.6|45.0
56|-4.5|45.0
57|-4.4|45.0
58|-4.3|45.0
59|-4.2|45.0
60|-4.1|45.0
61|-4.0|45.0
62|-3.9|45.0
63|-3.8|45.0
64|-3.7|45.0
65|-3.6|45.0
66|-3.5|45.0
67|-3.4|45.0
68|-3.3|45.0
69|-3.2|45.0
70|-3.1|45.0
71|-3.0|45.0
72|-2.9|45.0
73|-2.8|45.0
74|-2.7|45.0
75|-2.6|45.0
76|-2.5|45.0
77|-2.4|45.0
78|-2.3|45.0
79|-2.2|45.0
80|-2.1|45.0
81|-2.0|45.0
82|-1.9|45.0
83|-1.8|45.0
84|-1.7|45.0
85|-1.6|45.0
86|-1.5|45.0
87|-1.4|45.0
88|-1.3|45.0
89|-1.2|45.0
90|-1.1|45.0
91|-1.0|45.0
92|-0.9|45.0
93|-0.8|45.0
94|-0.7|45.0
95|-0.6|45.0
96|-0.5|45.0
97|-0.4|45.0
98|-0.3|45.0
99|-0.2|45.0
100|-0.1|45.0
101|0.0|45.0
102|-10.0|45.1
103|-9.9|45.1
104|-9.8|45.1
105|-9.7|45.1
106|-9.6|45.1
107|-9.5|45.1
108|-9.4|45.1
109|-9.3|45.1
110|-9.2|45.1
111|-9.1|45.1
112|-9.0|45.1
113|-8.9|45.1
114|-8.8|45.1
115|-8.7|45.1
116|-8.6|45.1
117|-8.5|45.1
118|-8.4|45.1
119|-8.3|45.1
120|-8.2|45.1
121|-8.1|45.1
122|-8.0|45.1
123|-7.9|45.1
124|-7.8|45.1
125|-7.7|45.1
126|-7.6|45.1
127|-7.5|45.1
128|-7.4|45.1
129|-7.3|45.1
130|-7.2|45.1
131|-7.1|45.1
132|-7.0|45.1
133|-6.9|45.1
134|-6.8|45.1
135|-6.7|45.1
136|-6.6|45.1
137|-6.5|45.1
138|-6.4|45.1
139|-6.3|45.1
140|-6.2|45.1
141|-6.1|45.1
142|-6.0|45.1
143|-5.9|45.1
144|-5.8|45.1
145|-5.7|45.1
146|-5.6|45.1
147|-5.5|45.1
148|-5.4|45.1
149|-5.3|45.1
150|-5.2|45.1
151|-5.1|45.1
152|-5.0|45.1
153|-4.9|45.1
154|-4.8|45.1
155|-4.7|45.1
156|-4.6|45.1
157|-4.5|45.1
158|-4.4|45.1
159|-4.3|45.1
160|-4.2|45.1
161|-4.1|45.1
162|-4.0|45.1
163|-3.9|45.1
164|-3.8|45.1
165|-3.7|45.1
166|-3.6|45.1
167|-3.5|45.1
168|-3.4|45.1
169|-3.3|45.1
170|-3.2|45.1
171|-3.1|45.1
172|-3.0|45.1
173|-2.9|45.1
174|-2.8|45.1
175|-2.7|45.1
176|-2.6|45.1
177|-2.5|45.1
178|-2.4|45.1
179|-2.3|45.1
180|-2.2|45.1
181|-2.1|45.1
182|-2.0|45.1
183|-1.9|45.1
184|-1.8|45.1
185|-1.7|45.1
186|-1.6|45.1
187|-1.5|45.1
188|-1.4|45.1
189|-1.3|45.1
190|-1.2|45.1
191|-1.1|45.1
192|-1.0|45.1
193|-0.9|45.1
194|-0.8|45.1
195|-0.7|45.1
196|-0.6|45.1
197|-0.5|45.1
198|-0.4|45.1
199|-0.3|45.1
200|-0.2|45.1
201|-0.1|45.1
202|0.0|45.1
203|-10.0|45.2
204|-9.9|45.2
205|-9.8|45.2
206|-9.7|45.2
207|-9.6|45.2
208|-9.5|45.2
209|-9.4|45.2
210|-9.3|45.2
211|-9.2|45.2
212|-9.1|45.2
213|-9.0|45.2
214|-8.9|45.2
215|-8.8|45.2
216|-8.7|45.2
217|-8.6|45.2
218|-8.5|45.2
219|-8.4|45.2
220|-8.3|45.2
221|-8.2|45.2
222|-8.1|45.2
223|-8.0|45.2
224|-7.9|45.2
225|-7.8|45.2
226|-7.7|45.2
227|-7.6|45.2
228|-7.5|45.2
229|-7.4|45.2
230|-7.3|45.2
231|-7.2|45.2
232|-7.1|45.2
233|-7.0|45.2
234|-6.9|45.2
235|-6.8|45.2
236|-6.7|45.2
237|-6.6|45.2
238|-6.5|45.2
239|-6.4|45.2
240|-6.3|45.2
241|-6.2|45.2
242|-6.1|45.2
243|-6.0|45.2
244|-5.9|45.2
245|-5.8|45.2
246|-5.7|45.2
247|-5.6|45.2
248|-5.5|45.2
249|-5.4|45.2
250|-5.3|45.2
251|-5.2|45.2
252|-5.1|45.2
253|-5.0|45.2
254|-4.9|45.2
255|-4.8|45.2
256|-4.7|45.2
257|-4.6|45.2
258|-4.5|45.2
259|-4.4|45.2
260|-4.3|45.2
261|-4.2|45.2
262|-4.1|45.2
263|-4.0|45.2
264|-3.9|45.2
265|-3.8|45.2
266|-3.7|45.2
267|-3.6|45.2
268|-3.5|45.2
269|-3.4|45.2
270|-3.3|45.2
271|-3.2|45.2
272|-3.1|45.2
273|-3.0|45.2
274|-2.9|45.2
275|-2.8|45.2
276|-2.7|45.2
277|-2.6|45.2
278|-2.5|45.2
279|-2.4|45.2
280|-2.3|45.2
281|-2.2|45.2
282|-2.1|45.2
283|-2.0|45.2
284|-1.9|45.2
285|-1.8|45.2
286|-1.7|45.2
287|-1.6|45.2
288|-1.5|45.2
289|-1.4|45.2
290|-1.3|45.2
291|-1.2|45.2
292|-1.1|45.2
293|-1.0|45.2
294|-0.9|45.2
295|-0.8|45.2
296|-0.7|45.2
297|-0.6|45.2
298|-0.5|45.2
299|-0.4|45.2
300|-0.3|45.2
301|-0.2|45.2
302|-0.1|45.2
303|0.0|45.2
304|-10.0|45.3
305|-9.9|45.3
306|-9.8|45.3
307|-9.7|45.3
308|-9.6|45.3
309|-9.5|45.3
310|-9.4|45.3
311|-9.3|45.3
312|-9.2|45.3
313|-9.1|45.3
314|-9.0|45.3
315|-8.9|45.3
316|-8.8|45.3
317|-8.7|45.3
318|-8.6|45.3
319|-8.5|45.3
320|-8.4|45.3
321|-8.3|45.3
322|-8.2|45.3
323|-8.1|45.3
324|-8.0|45.3
325|-7.9|45.3
326|-7.8|45.3
327|-7.7|45.3
328|-7.6|45.3
329|-7.5|45.3
330|-7.4|45.3
331|-7.3|45.3
332|-7.2|45.3
333|-7.1|45.3
334|-7.0|45.3
335|-6.9|45.3
336|-6.8|45.3
337|-6.7|45.3
338|-6.6|45.3
339|-6.5|45.3
340|-6.4|45.3
341|-6.3|45.3
342|-6.2|45.3
343|-6.1|45.3
344|-6.0|45.3
345|-5.9|45.3
346|-5.8|45.3
347|-5.7|45.3
348|-5.6|45.3
349|-5.5|45.3
350|-5.4|45.3
351|-5.3|45.3
352|-5.2|45.3
353|-5.1|45.3
354|-5.0|45.3
355|-4.9|45.3
356|-4.8|45.3
357|-4.7|45.3
358|-4.6|45.3
359|-4.5|45.3
360|-4.4|45.3
361|-4.3|45.3
362|-4.2|45.3
363|-4.1|45.3
364|-4.0|45.3
365|-3.9|45.3
366|-3.8|45.3
367|-3.7|45.3
368|-3.6|45.3
369|-3.5|45.3
370|-3.4|45.3
371|-3.3|45.3
372|-3.2|45.3
373|-3.1|45.3
374|-3.0|45.3
375|-2.9|45.3
376|-2.8|45.3
377|-2.7|45.3
378|-2.6|45.3
379|-2.5|45.3
380|-2.4|45.3
381|-2.3|45.3
382|-2.2|45.3
383|-2.1|45.3
384|-2.0|45.3
385|-1.9|45.3
386|-1.8|45.3
387|-1.7|45.3
388|-1.6|45.3
389|-1.5|45.3
390|-1.4|45.3
391|-1.3|45.3
392|-1.2|45.3
393|-1.1|45.3
394|-1.0|45.3
395|-0.9|45.3
396|-0.8|45.3
397|-0.7|45.3
398|-0.6|45.3
399|-0.5|45.3
400|-0.4|45.3
401|-0.3|45.3
402|-0.2|45.3
403|-0.1|45.3
404|0.0|45.3
405|-10.0|45.4
406|-9.9|45.4
407|-9.8|45.4
408|-9.7|45.4
409|-9.6|45.4
410|-9.5|45.4
411|-9.4|45.4
412|-9.3|45.4
413|-9.2|45.4
414|-9.1|45.4
415|-9.0|45.4
416|-8.9|45.4
417|-8.8|45.4
418|-8.7|45.4
419|-8.6|45.4
420|-8.5|45.4
421|-8.4|45.4
422|-8.3|45.4
423|-8.2|45.4
424|-8.1|45.4
425|-8.0|45.4
426|-7.9|45.4
427|-7.8|45.4
428|-7.7|45.4
429|-7.6|45.4
430|-7.5|45.4
431|-7.4|45.4
432|-7.3|45.4
433|-7.2|45.4
434|-7.1|45.4
435|-7.0|45.4
436|-6.9|45.4
437|-6.8|45.4
438|-6.7|45.4
439|-6.6|45.4
440|-6.5|45.4
441|-6.4|45.4
442|-6.3|45.4
443|-6.2|45.4
444|-6.1|45.4
445|-6.0|45.4
446|-5.9|45.4
447|-5.8|45.4
448|-5.7|45.4
449|-5.6|45.4
450|-5.5|45.4
451|-5.4|45.4
452|-5.3|45.4
453|-5.2|45.4
454|-5.1|45.4
455|-5.0|45.4
456|-4.9|45.4
457|-4.8|45.4
458|-4.7|45.4
459|-4.6|45.4
460|-4.5|45.4
461|-4.4|45.4
462|-4.3|45.4
463|-4.2|45.4
464|-4.1|45.4
465|-4.0|45.4
466|-3.9|45.4
467|-3.8|45.4
468|-3.7|45.4
469|-3.6|45.4
470|-3.5|45.4
471|-3.4|45.4
472|-3.3|45.4
473|-3.2|45.4
474|-3.1|45.4
475|-3.0|45.4
476|-2.9|45.4
477|-2.8|45.4
478|-2.7|45.4
479|-2.6|45.4
480|-2.5|45.4
481|-2.4|45.4
482|-2.3|45.4
483|-2.2|45.4
484|-2.1|45.4
485|-2.0|45.4
486|-1.9|45.4
487|-1.8|45.4
488|-1.7|45.4
489|-1.6|45.4
490|-1.5|45.4
491|-1.4|45.4
492|-1.3|45.4
493|-1.2|45.4
494|-1.1|45.4
495|-1.0|45.4
496|-0.9|45.4
497|-0.8|45.4
498|-0.7|45.4
499|-0.6|45.4
500|-0.5|45.4
501|-0.4|45.4
502|-0.3|45.4
503|-0.2|45.4
504|-0.1|45.4
505|0.0|45.4
506|-10.0|45.5
507|-9.9|45.5
508|-9.8|45.5
509|-9.7|45.5
510|-9.6|45.5
511|-9.5|45.5
512|-9.4|45.5
513|-9.3|45.5
514|-9.2|45.5
515|-9.1|45.5
516|-9.0|45.5
517|-8.9|45.5
518|-8.8|45.5
519|-8.7|45.5
520|-8.6|45.5
521|-8.5|45.5
522|-8.4|45.5
523|-8.3|45.5
524|-8.2|45.5
525|-8.1|45.5
526|-8.0|45.5
527|-7.9|45.5
528|-7.8|45.5
529|-7.7|45.5
530|-7.6|45.5
531|-7.5|45.5
532|-7.4|45.5
533|-7.3|45.5
534|-7.2|45.5
535|-7.1|45.5
536|-7.0|45.5
537|-6.9|45.5
538|-6.8|45.5
539|-6.7|45.5
540|-6.6|45.5
541|-6.5|45.5
542|-6.4|45.5
543|-6.3|45.5
544|-6.2|45.5
545|-6.1|45.5
546|-6.0|45.5
547|-5.9|45.5
548|-5.8|45.5
549|-5.7|45.5
550|-5.6|45.5
551|-5.5|45.5
552|-5.4|45.5
553|-5.3|45.5
554|-5.2|45.5
555|-5.1|45.5
556|-5.0|45.5
557|-4.9|45.5
558|-4.8|45.5
559|-4.7|45.5
560|-4.6|45.5
561|-4.5|45.5
562|-4.4|45.5
563|-4.3|45.5
564|-4.2|45.5
565|-4.1|45.5
566|-4.0|45.5
567|-3.9|45.5
568|-3.8|45.5
569|-3.7|45.5
570|-3.6|45.5
571|-3.5|45.5
572|-3.4|45.5
573|-3.3|45.5
574|-3.2|45.5
575|-3.1|45.5
576|-3.0|45.5
577|-2.9|45.5
578|-2.8|45.5
579|-2.7|45.5
580|-2.6|45.5
581|-2.5|45.5
582|-2.4|45.5
583|-2.3|45.5
584|-2.2|45.5
585|-2.1|45.5
586|-2.0|45.5
587|-1.9|45.5
588|-1.8|45.5
589|-1.7|45.5
590|-1.6|45.5
591|-1.5|45.5
592|-1.4|45.5
593|-1.3|45.5
594|-1.2|45.5
595|-1.1|45.5
596|-1.0|45.5
597|-0.9|45.5
598|-0.8|45.5
599|-0.7|45.5
600|-0.6|45.5
601|-0.5|45.5
602|-0.4|45.5
603|-0.3|45.5
604|-0.2|45.5
605|-0.1|45.5
606|0.0|45.5
607|-10.0|45.6
608|-9.9|45.6
609|-9.8|45.6
610|-9.7|45.6
611|-9.6|45.6
612|-9.5|45.6
613|-9.4|45.6
614|-9.3|45.6
615|-9.2|45.6
616|-9.1|45.6
617|-9.0|45.6
618|-8.9|45.6
619|-8.8|45.6
620|-8.7|45.6
621|-8.6|45.6
622|-8.5|45.6
623|-8.4|45.6
624|-8.3|45.6
625|-8.2|45.6
626|-8.1|45.6
627|-8.0|45.6
628|-7.9|45.6
629|-7.8|45.6
630|-7.7|45.6
631|-7.6|45.6
632|-7.5|45.6
633|-7.4|45.6
634|-7.3|45.6
635|-7.2|45.6
636|-7.1|45.6
637|-7.0|45.6
638|-6.9|45.6
639|-6.8|45.6
640|-6.7|45.6
641|-6.6|45.6
642|-6.5|45.6
643|-6.4|45.6
644|-6.3|45.6
645|-6.2|45.6
646|-6.1|45.6
647|-6.0|45.6
648|-5.9|45.6
649|-5.8|45.6
650|-5.7|45.6
651|-5.6|45.6
652|-5.5|45.6
653|-5.4|45.6
654|-5.3|45.6
655|-5.2|45.6
656|-5.1|45.6
657|-5.0|45.6
658|-4.9|45.6
659|-4.8|45.6
660|-4.7|45.6
661|-4.6|45.6
662|-4.5|45.6
663|-4.4|45.6
664|-4.3|45.6
665|-4.2|45.6
666|-4.1|45.6
667|-4.0|45.6
668|-3.9|45.6
669|-3.8|45.6
670|-3.7|45.6
671|-3.6|45.6
672|-3.5|45.6
673|-3.4|45.6
674|-3.3|45.6
675|-3.2|45.6
676|-3.1|45.6
677|-3.0|45.6
678|-2.9|45.6
679|-2.8|45.6
680|-2.7|45.6
681|-2.6|45.6
682|-2.5|45.6
683|-2.4|45.6
684|-2.3|45.6
685|-2.2|45.6
686|-2.1|45.6
687|-2.0|45.6
688|-1.9|45.6
689|-1.8|45.6
690|-1.7|45.6
691|-1.6|45.6
692|-1.5|45.6
693|-1.4|45.6
694|-1.3|45.6
695|-1.2|45.6
696|-1.1|45.6
697|-1.0|45.6
698|-0.9|45.6
699|-0.8|45.6
700|-0.7|45.6
701|-0.6|45.6
702|-0.5|45.6
703|-0.4|45.6
704|-0.3|45.6
705|-0.2|45.6
706|-0.1|45.6
707|0.0|45.6
708|-10.0|45.7
709|-9.9|45.7
710|-9.8|45.7
711|-9.7|45.7
712|-9.6|45.7
713|-9.5|45.7
714|-9.4|45.7
715|-9.3|45.7
716|-9.2|45.7
717|-9.1|45.7
718|-9.0|45.7
719|-8.9|45.7
720|-8.8|45.7
721|-8.7|45.7
722|-8.6|45.7
723|-8.5|45.7
724|-8.4|45.7
725|-8.3|45.7
726|-8.2|45.7
727|-8.1|45.7
728|-8.0|45.7
729|-7.9|45.7
730|-7.8|45.7
731|-7.7|45.7
732|-7.6|45.7
733|-7.5|45.7
734|-7.4|45.7
735|-7.3|45.7
736|-7.2|45.7
737|-7.1|45.7
738|-7.0|45.7
739|-6.9|45.7
740|-6.8|45.7
741|-6.7|45.7
742|-6.6|45.7
743|-6.5|45.7
744|-6.4|45.7
745|-6.3|45.7
746|-6.2|45.7
747|-6.1|45.7
748|-6.0|45.7
749|-5.9|45.7
750|-5.8|45.7
751|-5.7|45.7
752|-5.6|45.7
753|-5.5|45.7
754|-5.4|45.7
755|-5.3|45.7
756|-5.2|45.7
757|-5.1|45.7
758|-5.0|45.7
759|-4.9|45.7
760|-4.8|45.7
761|-4.7|45.7
762|-4.6|45.7
763|-4.5|45.7
764|-4.4|45.7
765|-4.3|45.7
766|-4.2|45.7
767|-4.1|45.7
768|-4.0|45.7
769|-3.9|45.7
770|-3.8|45.7
771|-3.7|45.7
772|-3.6|45.7
773|-3.5|45.7
774|-3.4|45.7
775|-3.3|45.7
776|-3.2|45.7
777|-3.1|45.7
778|-3.0|45.7
779|-2.9|45.7
780|-2.8|45.7
781|-2.7|45.7
782|-2.6|45.7
783|-2.5|45.7
784|-2.4|45.7
785|-2.3|45.7
786|-2.2|45.7
787|-2.1|45.7
788|-2.0|45.7
789|-1.9|45.7
790|-1.8|45.7
791|-1.7|45.7
792|-1.6|45.7
793|-1.5|45.7
794|-1.4|45.7
795|-1.3|45.7
796|-1.2|45.7
797|-1.1|45.7
798|-1.0|45.7
799|-0.9|45.7
800|-0.8|45.7
801|-0.7|45.7
802|-0.6|45.7
803|-0.5|45.7
804|-0.4|45.7
805|-0.3|45.7
806|-0.2|45.7
807|-0.1|45.7
808|0.0|45.7
809|-10.0|45.8
810|-9.9|45.8
811|-9.8|45.8
812|-9.7|45.8
813|-9.6|45.8
814|-9.5|45.8
815|-9.4|45.8
816|-9.3|45.8
817|-9.2|45.8
818|-9.1|45.8
819|-9.0|45.8
820|-8.9|45.8
821|-8.8|45.8
822|-8.7|45.8
823|-8.6|45.8
824|-8.5|45.8
825|-8.4|45.8
826|-8.3|45.8
827|-8.2|45.8
828|-8.1|45.8
829|-8.0|45.8
830|-7.9|45.8
831|-7.8|45.8
832|-7.7|45.8
833|-7.6|45.8
834|-7.5|45.8
835|-7.4|45.8
836|-7.3|45.8
837|-7.2|45.8
838|-7.1|45.8
839|-7.0|45.8
840|-6.9|45.8
841|-6.8|45.8
842|-6.7|45.8
843|-6.6|45.8
844|-6.5|45.8
845|-6.4|45.8
846|-6.3|45.8
847|-6.2|45.8
848|-6.1|45.8
849|-6.0|45.8
850|-5.9|45.8
851|-5.8|45.8
852|-5.7|45.8
853|-5.6|45.8
854|-5.5|45.8
855|-5.4|45.8
856|-5.3|45.8
857|-5.2|45.8
858|-5.1|45.8
859|-5.0|45.8
860|-4.9|45.8
861|-4.8|45.8
862|-4.7|45.8
863|-4.6|45.8
864|-4.5|45.8
865|-4.4|45.8
866|-4.3|45.8
867|-4.2|45.8
868|-4.1|45.8
869|-4.0|45.8
870|-3.9|45.8
871|-3.8|45.8
872|-3.7|45.8
873|-3.6|45.8
874|-3.5|45.8
875|-3.4|45.8
876|-3.3|45.8
877|-3.2|45.8
878|-3.1|45.8
879|-3.0|45.8
880|-2.9|45.8
881|-2.8|45.8
882|-2.7|45.8
883|-2.6|45.8
884|-2.5|45.8
885|-2.4|45.8
886|-2.3|45.8
887|-2.2|45.8
888|-2.1|45.8
889|-2.0|45.8
890|-1.9|45.8
891|-1.8|45.8
892|-1.7|45.8
893|-1.6|45.8
894|-1.5|45.8
895|-1.4|45.8
896|-1.3|45.8
897|-1.2|45.8
898|-1.1|45.8
899|-1.0|45.8
900|-0.9|45.8
901|-0.8|45.8
902|-0.7|45.8
903|-0.6|45.8
904|-0.5|45.8
905|-0.4|45.8
906|-0.3|45.8
907|-0.2|45.8
908|-0.1|45.8
909|0.0|45.8
910|-10.0|45.9
911|-9.9|45.9
912|-9.8|45.9
913|-9.7|45.9
914|-9.6|45.9
915|-9.5|45.9
916|-9.4|45.9
917|-9.3|45.9
918|-9.2|45.9
919|-9.1|45.9
920|-9.0|45.9
921|-8.9|45.9
922|-8.8|45.9
923|-8.7|45.9
924|-8.6|45.9
925|-8.5|45.9
926|-8.4|45.9
927|-8.3|45.9
928|-8.2|45.9
929|-8.1|45.9
930|-8.0|45.9
931|-7.9|45.9
932|-7.8|45.9
933|-7.7|45.9
934|-7.6|45.9
935|-7.5|45.9
936|-7.4|45.9
937|-7.3|45.9
938|-7.2|45.9
939|-7.1|45.9
940|-7.0|45.9
941|-6.9|45.9
942|-6.8|45.9
943|-6.7|45.9
944|-6.6|45.9
945|-6.5|45.9
946|-6.4|45.9
947|-6.3|45.9
948|-6.2|45.9
949|-6.1|45.9
950|-6.0|45.9
951|-5.9|45.9
952|-5.8|45.9
953|-5.7|45.9
954|-5.6|45.9
955|-5.5|45.9
956|-5.4|45.9
957|-5.3|45.9
958|-5.2|45.9
959|-5.1|45.9
960|-5.0|45.9
961|-4.9|45.9
962|-4.8|45.9
963|-4.7|45.9
964|-4.6|45.9
965|-4.5|45.9
966|-4.4|45.9
967|-4.3|45.9
968|-4.2|45.9
969|-4.1|45.9
970|-4.0|45.9
971|-3.9|45.9
972|-3.8|45.9
973|-3.7|45.9
974|-3.6|45.9
975|-3.5|45.9
976|-3.4|45.9
977|-3.3|45.9
978|-3.2|45.9
979|-3.1|45.9
980|-3.0|45.9
981|-2.9|45.9
982|-2.8|45.9
983|-2.7|45.9
984|-2.6|45.9
985|-2.5|45.9
986|-2.4|45.9
987|-2.3|45.9
988|-2.2|45.9
989|-2.1|45.9
990|-2.0|45.9
991|-1.9|45.9
992|-1.8|45.9
993|-1.7|45.9
994|-1.6|45.9
995|-1.5|45.9
996|-1.4|45.9
997|-1.3|45.9
998|-1.2|45.9
999|-1.1|45.9
1000|-1.0|45.9
1001|-0.9|45.9
1002|-0.8|45.9
1003|-0.7|45.9
1004|-0.6|45.9
1005|-0.5|45.9
1006|-0.4|45.9
1007|-0.3|45.9
1008|-0.2|45.9
1009|-0.1|45.9
1010|0.0|45.9
1011|-10.0|46.0
1012|-9.9|46.0
1013|-9.8|46.0
1014|-9.7|46.0
1015|-9.6|46.0
1016|-9.5|46.0
1017|-9.4|46.0
1018|-9.3|46.0
1019|-9.2|46.0
1020|-9.1|46.0
1021|-9.0|46.0
1022|-8.9|46.0
1023|-8.8|46.0
1024|-8.7|46.0
1025|-8.6|46.0
1026|-8.5|46.0
1027|-8.4|46.0
1028|-8.3|46.0
1029|-8.2|46.0
1030|-8.1|46.0
1031|-8.0|46.0
1032|-7.9|46.0
1033|-7.8|46.0
1034|-7.7|46.0
1035|-7.6|46.0
1036|-7.5|46.0
1037|-7.4|46.0
1038|-7.3|46.0
1039|-7.2|46.0
1040|-7.1|46.0
1041|-7.0|46.0
1042|-6.9|46.0
1043|-6.8|46.0
1044|-6.7|46.0
1045|-6.6|46.0
1046|-6.5|46.0
1047|-6.4|46.0
1048|-6.3|46.0
1049|-6.2|46.0
1050|-6.1|46.0
1051|-6.0|46.0
1052|-5.9|46.0
1053|-5.8|46.0
1054|-5.7|46.0
1055|-5.6|46.0
1056|-5.5|46.0
1057|-5.4|46.0
1058|-5.3|46.0
1059|-5.2|46.0
1060|-5.1|46.0
1061|-5.0|46.0
1062|-4.9|46.0
1063|-4.8|46.0
1064|-4.7|46.0
1065|-4.6|46.0
1066|-4.5|46.0
1067|-4.4|46.0
1068|-4.3|46.0
1069|-4.2|46.0
1070|-4.1|46.0
1071|-4.0|46.0
1072|-3.9|46.0
1073|-3.8|46.0
1074|-3.7|46.0
1075|-3.6|46.0
1076|-3.5|46.0
1077|-3.4|46.0
1078|-3.3|46.0
1079|-3.2|46.0
1080|-3.1|46.0
1081|-3.0|46.0
1082|-2.9|46.0
1083|-2.8|46.0
1084|-2.7|46.0
1085|-2.6|46.0
1086|-2.5|46.0
1087|-2.4|46.0
1088|-2.3|46.0
1089|-2.2|46.0
1090|-2.1|46.0
1091|-2.0|46.0
1092|-1.9|46.0
1093|-1.8|46.0
1094|-1.7|46.0
1095|-1.6|46.0
1096|-1.5|46.0
1097|-1.4|46.0
1098|-1.3|46.0
1099|-1.2|46.0
1100|-1.1|46.0
1101|-1.0|46.0
1102|-0.9|46.0
1103|-0.8|46.0
1104|-0.7|46.0
1105|-0.6|46.0
1106|-0.5|46.0
1107|-0.4|46.0
1108|-0.3|46.0
1109|-0.2|46.0
1110|-0.1|46.0
1111|0.0|46.0
1112|-10.0|46.1
1113|-9.9|46.1
1114|-9.8|46.1
1115|-9.7|46.1
1116|-9.6|46.1
1117|-9.5|46.1
1118|-9.4|46.1
1119|-9.3|46.1
1120|-9.2|46.1
1121|-9.1|46.1
1122|-9.0|46.1
1123|-8.9|46.1
1124|-8.8|46.1
1125|-8.7|46.1
1126|-8.6|46.1
1127|-8.5|46.1
1128|-8.4|46.1
1129|-8.3|46.1
1130|-8.2|46.1
1131|-8.1|46.1
1132|-8.0|46.1
1133|-7.9|46.1
1134|-7.8|46.1
1135|-7.7|46.1
1136|-7.6|46.1
1137|-7.5|46.1
1138|-7.4|46.1
1139|-7.3|46.1
1140|-7.2|46.1
1141|-7.1|46.1
1142|-7.0|46.1
1143|-6.9|46.1
1144|-6.8|46.1
1145|-6.7|46.1
1146|-6.6|46.1
1147|-6.5|46.1
1148|-6.4|46.1
1149|-6.3|46.1
1150|-6.2|46.1
1151|-6.1|46.1
1152|-6.0|46.1
1153|-5.9|46.1
1154|-5.8|46.1
1155|-5.7|46.1
1156|-5.6|46.1
1157|-5.5|46.1
1158|-5.4|46.1
1159|-5.3|46.1
1160|-5.2|46.1
1161|-5.1|46.1
1162|-5.0|46.1
1163|-4.9|46.1
1164|-4.8|46.1
1165|-4.7|46.1
1166|-4.6|46.1
1167|-4.5|46.1
1168|-4.4|46.1
1169|-4.3|46.1
1170|-4.2|46.1
1171|-4.1|46.1
1172|-4.0|46.1
1173|-3.9|46.1
1174|-3.8|46.1
1175|-3.7|46.1
1176|-3.6|46.1
1177|-3.5|46.1
1178|-3.4|46.1
1179|-3.3|46.1
1180|-3.2|46.1
1181|-3.1|46.1
1182|-3.0|46.1
1183|-2.9|46.1
1184|-2.8|46.1
1185|-2.7|46.1
1186|-2.6|46.1
1187|-2.5|46.1
1188|-2.4|46.1
1189|-2.3|46.1
1190|-2.2|46.1
1191|-2.1|46.1
1192|-2.0|46.1
1193|-1.9|46.1
1194|-1.8|46.1
1195|-1.7|46.1
1196|-1.6|46.1
1197|-1.5|46.1
1198|-1.4|46.1
1199|-1.3|46.1
1200|-1.2|46.1
1201|-1.1|46.1
1202|-1.0|46.1
1203|-0.9|46.1
1204|-0.8|46.1
1205|-0.7|46.1
1206|-0.6|46.1
1207|-0.5|46.1
1208|-0.4|46.1
1209|-0.3|46.1
1210|-0.2|46.1
1211|-0.1|46.1
1212|0.0|46.1
1213|-10.0|46.2
1214|-9.9|46.2
1215|-9.8|46.2
1216|-9.7|46.2
1217|-9.6|46.2
1218|-9.5|46.2
1219|-9.4|46.2
1220|-9.3|46.2
1221|-9.2|46.2
1222|-9.1|46.2
1223|-9.0|46.2
1224|-8.9|46.2
1225|-8.8|46.2
1226|-8.7|46.2
1227|-8.6|46.2
1228|-8.5|46.2
1229|-8.4|46.2
1230|-8.3|46.2
1231|-8.2|46.2
1232|-8.1|46.2
1233|-8.0|46.2
1234|-7.9|46.2
1235|-7.8|46.2
1236|-7.7|46.2
1237|-7.6|46.2
1238|-7.5|46.2
1239|-7.4|46.2
1240|-7.3|46.2
1241|-7.2|46.2
1242|-7.1|46.2
1243|-7.0|46.2
1244|-6.9|46.2
1245|-6.8|46.2
1246|-6.7|46.2
1247|-6.6|46.2
1248|-6.5|46.2
1249|-6.4|46.2
1250|-6.3|46.2
1251|-6.2|46.2
1252|-6.1|46.2
1253|-6.0|46.2
1254|-5.9|46.2
1255|-5.8|46.2
1256|-5.7|46.2
1257|-5.6|46.2
1258|-5.5|46.2
1259|-5.4|46.2
1260|-5.3|46.2
1261|-5.2|46.2
1262|-5.1|46.2
1263|-5.0|46.2
1264|-4.9|46.2
1265|-4.8|46.2
1266|-4.7|46.2
1267|-4.6|46.2
1268|-4.5|46.2
1269|-4.4|46.2
1270|-4.3|46.2
1271|-4.2|46.2
1272|-4.1|46.2
1273|-4.0|46.2
1274|-3.9|46.2
1275|-3.8|46.2
1276|-3.7|46.2
1277|-3.6|46.2
1278|-3.5|46.2
1279|-3.4|46.2
1280|-3.3|46.2
1281|-3.2|46.2
1282|-3.1|46.2
1283|-3.0|46.2
1284|-2.9|46.2
1285|-2.8|46.2
1286|-2.7|46.2
1287|-2.6|46.2
1288|-2.5|46.2
1289|-2.4|46.2
1290|-2.3|46.2
1291|-2.2|46.2
1292|-2.1|46.2
1293|-2.0|46.2
1294|-1.9|46.2
1295|-1.8|46.2
1296|-1.7|46.2
1297|-1.6|46.2
1298|-1.5|46.2
1299|-1.4|46.2
1300|-1.3|46.2
1301|-1.2|46.2
1302|-1.1|46.2
1303|-1.0|46.2
1304|-0.9|46.2
1305|-0.8|46.2
1306|-0.7|46.2
1307|-0.6|46.2
1308|-0.5|46.2
1309|-0.4|46.2
1310|-0.3|46.2
1311|-0.2|46.2
1312|-0.1|46.2
1313|0.0|46.2
1314|-10.0|46.3
1315|-9.9|46.3
1316|-9.8|46.3
1317|-9.7|46.3
1318|-9.6|46.3
1319|-9.5|46.3
1320|-9.4|46.3
1321|-9.3|46.3
1322|-9.2|46.3
1323|-9.1|46.3
1324|-9.0|46.3
1325|-8.9|46.3
1326|-8.8|46.3
1327|-8.7|46.3
1328|-8.6|46.3
1329|-8.5|46.3
1330|-8.4|46.3
1331|-8.3|46.3
1332|-8.2|46.3
1333|-8.1|46.3
1334|-8.0|46.3
1335|-7.9|46.3
1336|-7.8|46.3
1337|-7.7|46.3
1338|-7.6|46.3
1339|-7.5|46.3
1340|-7.4|46.3
1341|-7.3|46.3
1342|-7.2|46.3
1343|-7.1|46.3
1344|-7.0|46.3
1345|-6.9|46.3
1346|-6.8|46.3
1347|-6.7|46.3
1348|-6.6|46.3
1349|-6.5|46.3
1350|-6.4|46.3
1351|-6.3|46.3
1352|-6.2|46.3
1353|-6.1|46.3
1354|-6.0|46.3
1355|-5.9|46.3
1356|-5.8|46.3
1357|-5.7|46.3
1358|-5.6|46.3
1359|-5.5|46.3
1360|-5.4|46.3
1361|-5.3|46.3
1362|-5.2|46.3
1363|-5.1|46.3
1364|-5.0|46.3
1365|-4.9|46.3
1366|-4.8|46.3
1367|-4.7|46.3
1368|-4.6|46.3
1369|-4.5|46.3
1370|-4.4|46.3
1371|-4.3|46.3
1372|-4.2|46.3
1373|-4.1|46.3
1374|-4.0|46.3
1375|-3.9|46.3
1376|-3.8|46.3
1377|-3.7|46.3
1378|-3.6|46.3
1379|-3.5|46.3
1380|-3.4|46.3
1381|-3.3|46.3
1382|-3.2|46.3
1383|-3.1|46.3
1384|-3.0|46.3
1385|-2.9|46.3
1386|-2.8|46.3
1387|-2.7|46.3
1388|-2.6|46.3
1389|-2.5|46.3
1390|-2.4|46.3
1391|-2.3|46.3
1392|-2.2|46.3
1393|-2.1|46.3
1394|-2.0|46.3
1395|-1.9|46.3
1396|-1.8|46.3
1397|-1.7|46.3
1398|-1.6|46.3
1399|-1.5|46.3
1400|-1.4|46.3
1401|-1.3|46.3
1402|-1.2|46.3
1403|-1.1|46.3
1404|-1.0|46.3
1405|-0.9|46.3
1406|-0.8|46.3
1407|-0.7|46.3
1408|-0.6|46.3
1409|-0.5|46.3
1410|-0.4|46.3
1411|-0.3|46.3
1412|-0.2|46.3
1413|-0.1|46.3
1414|0.0|46.3
1415|-10.0|46.4
1416|-9.9|46.4
1417|-9.8|46.4
1418|-9.7|46.4
1419|-9.6|46.4
1420|-9.5|46.4
1421|-9.4|46.4
1422|-9.3|46.4
1423|-9.2|46.4
1424|-9.1|46.4
1425|-9.0|46.4
1426|-8.9|46.4
1427|-8.8|46.4
1428|-8.7|46.4
1429|-8.6|46.4
1430|-8.5|46.4
1431|-8.4|46.4
1432|-8.3|46.4
1433|-8.2|46.4
1434|-8.1|46.4
1435|-8.0|46.4
1436|-7.9|46.4
1437|-7.8|46.4
1438|-7.7|46.4
1439|-7.6|46.4
1440|-7.5|46.4
1441|-7.4|46.4
1442|-7.3|46.4
1443|-7.2|46.4
1444|-7.1|46.4
1445|-7.0|46.4
1446|-6.9|46.4
1447|-6.8|46.4
1448|-6.7|46.4
1449|-6.6|46.4
1450|-6.5|46.4
1451|-6.4|46.4
1452|-6.3|46.4
1453|-6.2|46.4
1454|-6.1|46.4
1455|-6.0|46.4
1456|-5.9|46.4
1457|-5.8|46.4
1458|-5.7|46.4
1459|-5.6|46.4
1460|-5.5|46.4
1461|-5.4|46.4
1462|-5.3|46.4
1463|-5.2|46.4
1464|-5.1|46.4
1465|-5.0|46.4
1466|-4.9|46.4
1467|-4.8|46.4
1468|-4.7|46.4
1469|-4.6|46.4
1470|-4.5|46.4
1471|-4.4|46.4
1472|-4.3|46.4
1473|-4.2|46.4
1474|-4.1|46.4
1475|-4.0|46.4
1476|-3.9|46.4
1477|-3.8|46.4
1478|-3.7|46.4
1479|-3.6|46.4
1480|-3.5|46.4
1481|-3.4|46.4
1482|-3.3|46.4
1483|-3.2|46.4
1484|-3.1|46.4
1485|-3.0|46.4
1486|-2.9|46.4
1487|-2.8|46.4
1488|-2.7|46.4
1489|-2.6|46.4
1490|-2.5|46.4
1491|-2.4|46.4
1492|-2.3|46.4
1493|-2.2|46.4
1494|-2.1|46.4
1495|-2.0|46.4
1496|-1.9|46.4
1497|-1.8|46.4
1498|-1.7|46.4
1499|-1.6|46.4
1500|-1.5|46.4
1501|-1.4|46.4
1502|-1.3|46.4
1503|-1.2|46.4
1504|-1.1|46.4
1505|-1.0|46.4
1506|-0.9|46.4
1507|-0.8|46.4
1508|-0.7|46.4
1509|-0.6|46.4
1510|-0.5|46.4
1511|-0.4|46.4
1512|-0.3|46.4
1513|-0.2|46.4
1514|-0.1|46.4
1515|0.0|46.4
1516|-10.0|46.5
1517|-9.9|46.5
1518|-9.8|46.5
1519|-9.7|46.5
1520|-9.6|46.5
1521|-9.5|46.5
1522|-9.4|46.5
1523|-9.3|46.5
1524|-9.2|46.5
1525|-9.1|46.5
1526|-9.0|46.5
1527|-8.9|46.5
1528|-8.8|46.5
1529|-8.7|46.5
1530|-8.6|46.5
1531|-8.5|46.5
1532|-8.4|46.5
1533|-8.3|46.5
1534|-8.2|46.5
1535|-8.1|46.5
1536|-8.0|46.5
1537|-7.9|46.5
1538|-7.8|46.5
1539|-7.7|46.5
1540|-7.6|46.5
1541|-7.5|46.5
1542|-7.4|46.5
1543|-7.3|46.5
1544|-7.2|46.5
1545|-7.1|46.5
1546|-7.0|46.5
1547|-6.9|46.5
1548|-6.8|46.5
1549|-6.7|46.5
1550|-6.6|46.5
1551|-6.5|46.5
1552|-6.4|46.5
1553|-6.3|46.5
1554|-6.2|46.5
1555|-6.1|46.5
1556|-6.0|46.5
1557|-5.9|46.5
1558|-5.8|46.5
1559|-5.7|46.5
1560|-5.6|46.5
1561|-5.5|46.5
1562|-5.4|46.5
1563|-5.3|46.5
1564|-5.2|46.5
1565|-5.1|46.5
1566|-5.0|46.5
1567|-4.9|46.5
1568|-4.8|46.5
1569|-4.7|46.5
1570|-4.6|46.5
1571|-4.5|46.5
1572|-4.4|46.5
1573|-4.3|46.5
1574|-4.2|46.5
1575|-4.1|46.5
1576|-4.0|46.5
1577|-3.9|46.5
1578|-3.8|46.5
1579|-3.7|46.5
1580|-3.6|46.5
1581|-3.5|46.5
1582|-3.4|46.5
1583|-3.3|46.5
1584|-3.2|46.5
1585|-3.1|46.5
1586|-3.0|46.5
1587|-2.9|46.5
1588|-2.8|46.5
1589|-2.7|46.5
1590|-2.6|46.5
1591|-2.5|46.5
1592|-2.4|46.5
1593|-2.3|46.5
1594|-2.2|46.5
1595|-2.1|46.5
1596|-2.0|46.5
1597|-1.9|46.5
1598|-1.8|46.5
1599|-1.7|46.5
1600|-1.6|46.5
1601|-1.5|46.5
1602|-1.4|46.5
1603|-1.3|46.5
1604|-1.2|46.5
1605|-1.1|46.5
1606|-1.0|46.5
1607|-0.9|46.5
1608|-0.8|46.5
1609|-0.7|46.5
1610|-0.6|46.5
1611|-0.5|46.5
1612|-0.4|46.5
1613|-0.3|46.5
1614|-0.2|46.5
1615|-0.1|46.5
1616|0.0|46.5
1617|-10.0|46.6
1618|-9.9|46.6
1619|-9.8|46.6
1620|-9.7|46.6
1621|-9.6|46.6
1622|-9.5|46.6
1623|-9.4|46.6
1624|-9.3|46.6
1625|-9.2|46.6
1626|-9.1|46.6
1627|-9.0|46.6
1628|-8.9|46.6
1629|-8.8|46.6
1630|-8.7|46.6
1631|-8.6|46.6
1632|-8.5|46.6
1633|-8.4|46.6
1634|-8.3|46.6
1635|-8.2|46.6
1636|-8.1|46.6
1637|-8.0|46.6
1638|-7.9|46.6
1639|-7.8|46.6
1640|-7.7|46.6
1641|-7.6|46.6
1642|-7.5|46.6
1643|-7.4|46.6
1644|-7.3|46.6
1645|-7.2|46.6
1646|-7.1|46.6
1647|-7.0|46.6
1648|-6.9|46.6
1649|-6.8|46.6
1650|-6.7|46.6
1651|-6.6|46.6
1652|-6.5|46.6
1653|-6.4|46.6
1654|-6.3|46.6
1655|-6.2|46.6
1656|-6.1|46.6
1657|-6.0|46.6
1658|-5.9|46.6
1659|-5.8|46.6
1660|-5.7|46.6
1661|-5.6|46.6
1662|-5.5|46.6
1663|-5.4|46.6
1664|-5.3|46.6
1665|-5.2|46.6
1666|-5.1|46.6
1667|-5.0|46.6
1668|-4.9|46.6
1669|-4.8|46.6
1670|-4.7|46.6
1671|-4.6|46.6
1672|-4.5|46.6
1673|-4.4|46.6
1674|-4.3|46.6
1675|-4.2|46.6
1676|-4.1|46.6
1677|-4.0|46.6
1678|-3.9|46.6
1679|-3.8|46.6
1680|-3.7|46.6
1681|-3.6|46.6
1682|-3.5|46.6
1683|-3.4|46.6
1684|-3.3|46.6
1685|-3.2|46.6
1686|-3.1|46.6
1687|-3.0|46.6
1688|-2.9|46.6
1689|-2.8|46.6
1690|-2.7|46.6
1691|-2.6|46.6
1692|-2.5|46.6
1693|-2.4|46.6
1694|-2.3|46.6
1695|-2.2|46.6
1696|-2.1|46.6
1697|-2.0|46.6
1698|-1.9|46.6
1699|-1.8|46.6
1700|-1.7|46.6
1701|-1.6|46.6
1702|-1.5|46.6
1703|-1.4|46.6
1704|-1.3|46.6
1705|-1.2|46.6
1706|-1.1|46.6
1707|-1.0|46.6
1708|-0.9|46.6
1709|-0.8|46.6
1710|-0.7|46.6
1711|-0.6|46.6
1712|-0.5|46.6
1713|-0.4|46.6
1714|-0.3|46.6
1715|-0.2|46.6
1716|-0.1|46.6
1717|0.0|46.6
1718|-10.0|46.7
1719|-9.9|46.7
1720|-9.8|46.7
1721|-9.7|46.7
1722|-9.6|46.7
1723|-9.5|46.7
1724|-9.4|46.7
1725|-9.3|46.7
1726|-9.2|46.7
1727|-9.1|46.7
1728|-9.0|46.7
1729|-8.9|46.7
1730|-8.8|46.7
1731|-8.7|46.7
1732|-8.6|46.7
1733|-8.5|46.7
1734|-8.4|46.7
1735|-8.3|46.7
1736|-8.2|46.7
1737|-8.1|46.7
1738|-8.0|46.7
1739|-7.9|46.7
1740|-7.8|46.7
1741|-7.7|46.7
1742|-7.6|46.7
1743|-7.5|46.7
1744|-7.4|46.7
1745|-7.3|46.7
1746|-7.2|46.7
1747|-7.1|46.7
1748|-7.0|46.7
1749|-6.9|46.7
1750|-6.8|46.7
1751|-6.7|46.7
1752|-6.6|46.7
1753|-6.5|46.7
1754|-6.4|46.7
1755|-6.3|46.7
1756|-6.2|46.7
1757|-6.1|46.7
1758|-6.0|46.7
1759|-5.9|46.7
1760|-5.8|46.7
1761|-5.7|46.7
1762|-5.6|46.7
1763|-5.5|46.7
1764|-5.4|46.7
1765|-5.3|46.7
1766|-5.2|46.7
1767|-5.1|46.7
1768|-5.0|46.7
1769|-4.9|46.7
1770|-4.8|46.7
1771|-4.7|46.7
1772|-4.6|46.7
1773|-4.5|46.7
1774|-4.4|46.7
1775|-4.3|46.7
1776|-4.2|46.7
1777|-4.1|46.7
1778|-4.0|46.7
1779|-3.9|46.7
1780|-3.8|46.7
1781|-3.7|46.7
1782|-3.6|46.7
1783|-3.5|46.7
1784|-3.4|46.7
1785|-3.3|46.7
1786|-3.2|46.7
1787|-3.1|46.7
1788|-3.0|46.7
1789|-2.9|46.7
1790|-2.8|46.7
1791|-2.7|46.7
1792|-2.6|46.7
1793|-2.5|46.7
1794|-2.4|46.7
1795|-2.3|46.7
1796|-2.2|46.7
1797|-2.1|46.7
1798|-2.0|46.7
1799|-1.9|46.7
1800|-1.8|46.7
1801|-1.7|46.7
1802|-1.6|46.7
1803|-1.5|46.7
1804|-1.4|46.7
1805|-1.3|46.7
1806|-1.2|46.7
1807|-1.1|46.7
1808|-1.0|46.7
1809|-0.9|46.7
1810|-0.8|46.7
1811|-0.7|46.7
1812|-0.6|46.7
1813|-0.5|46.7
1814|-0.4|46.7
1815|-0.3|46.7
1816|-0.2|46.7
1817|-0.1|46.7
1818|0.0|46.7
1819|-10.0|46.8
1820|-9.9|46.8
1821|-9.8|46.8
1822|-9.7|46.8
1823|-9.6|46.8
1824|-9.5|46.8
1825|-9.4|46.8
1826|-9.3|46.8
1827|-9.2|46.8
1828|-9.1|46.8
1829|-9.0|46.8
1830|-8.9|46.8
1831|-8.8|46.8
1832|-8.7|46.8
1833|-8.6|46.8
1834|-8.5|46.8
1835|-8.4|46.8
1836|-8.3|46.8
1837|-8.2|46.8
1838|-8.1|46.8
1839|-8.0|46.8
1840|-7.9|46.8
1841|-7.8|46.8
1842|-7.7|46.8
1843|-7.6|46.8
1844|-7.5|46.8
1845|-7.4|46.8
1846|-7.3|46.8
1847|-7.2|46.8
1848|-7.1|46.8
1849|-7.0|46.8
1850|-6.9|46.8
1851|-6.8|46.8
1852|-6.7|46.8
1853|-6.6|46.8
1854|-6.5|46.8
1855|-6.4|46.8
1856|-6.3|46.8
1857|-6.2|46.8
1858|-6.1|46.8
1859|-6.0|46.8
1860|-5.9|46.8
1861|-5.8|46.8
1862|-5.7|46.8
1863|-5.6|46.8
1864|-5.5|46.8
1865|-5.4|46.8
1866|-5.3|46.8
1867|-5.2|46.8
1868|-5.1|46.8
1869|-5.0|46.8
1870|-4.9|46.8
1871|-4.8|46.8
1872|-4.7|46.8
1873|-4.6|46.8
1874|-4.5|46.8
1875|-4.4|46.8
1876|-4.3|46.8
1877|-4.2|46.8
1878|-4.1|46.8
1879|-4.0|46.8
1880|-3.9|46.8
1881|-3.8|46.8
1882|-3.7|46.8
1883|-3.6|46.8
1884|-3.5|46.8
1885|-3.4|46.8
1886|-3.3|46.8
1887|-3.2|46.8
1888|-3.1|46.8
1889|-3.0|46.8
1890|-2.9|46.8
1891|-2.8|46.8
1892|-2.7|46.8
1893|-2.6|46.8
1894|-2.5|46.8
1895|-2.4|46.8
1896|-2.3|46.8
1897|-2.2|46.8
1898|-2.1|46.8
1899|-2.0|46.8
1900|-1.9|46.8
1901|-1.8|46.8
1902|-1.7|46.8
1903|-1.6|46.8
1904|-1.5|46.8
1905|-1.4|46.8
1906|-1.3|46.8
1907|-1.2|46.8
1908|-1.1|46.8
1909|-1.0|46.8
1910|-0.9|46.8
1911|-0.8|46.8
1912|-0.7|46.8
1913|-0.6|46.8
1914|-0.5|46.8
1915|-0.4|46.8
1916|-0.3|46.8
1917|-0.2|46.8
1918|-0.1|46.8
1919|0.0|46.8
1920|-10.0|46.9
1921|-9.9|46.9
1922|-9.8|46.9
1923|-9.7|46.9
1924|-9.6|46.9
1925|-9.5|46.9
1926|-9.4|46.9
1927|-9.3|46.9
1928|-9.2|46.9
1929|-9.1|46.9
1930|-9.0|46.9
1931|-8.9|46.9
1932|-8.8|46.9
1933|-8.7|46.9
1934|-8.6|46.9
1935|-8.5|46.9
1936|-8.4|46.9
1937|-8.3|46.9
1938|-8.2|46.9
1939|-8.1|46.9
1940|-8.0|46.9
1941|-7.9|46.9
1942|-7.8|46.9
1943|-7.7|46.9
1944|-7.6|46.9
1945|-7.5|46.9
1946|-7.4|46.9
1947|-7.3|46.9
1948|-7.2|46.9
1949|-7.1|46.9
1950|-7.0|46.9
1951|-6.9|46.9
1952|-6.8|46.9
1953|-6.7|46.9
1954|-6.6|46.9
1955|-6.5|46.9
1956|-6.4|46.9
1957|-6.3|46.9
1958|-6.2|46.9
1959|-6.1|46.9
1960|-6.0|46.9
1961|-5.9|46.9
1962|-5.8|46.9
1963|-5.7|46.9
1964|-5.6|46.9
1965|-5.5|46.9
1966|-5.4|46.9
1967|-5.3|46.9
1968|-5.2|46.9
1969|-5.1|46.9
1970|-5.0|46.9
1971|-4.9|46.9
1972|-4.8|46.9
1973|-4.7|46.9
1974|-4.6|46.9
1975|-4.5|46.9
1976|-4.4|46.9
1977|-4.3|46.9
1978|-4.2|46.9
1979|-4.1|46.9
1980|-4.0|46.9
1981|-3.9|46.9
1982|-3.8|46.9
1983|-3.7|46.9
1984|-3.6|46.9
1985|-3.5|46.9
1986|-3.4|46.9
1987|-3.3|46.9
1988|-3.2|46.9
1989|-3.1|46.9
1990|-3.0|46.9
1991|-2.9|46.9
1992|-2.8|46.9
1993|-2.7|46.9
1994|-2.6|46.9
1995|-2.5|46.9
1996|-2.4|46.9
1997|-2.3|46.9
1998|-2.2|46.9
1999|-2.1|46.9
2000|-2.0|46.9
2001|-1.9|46.9
2002|-1.8|46.9
2003|-1.7|46.9
2004|-1.6|46.9
2005|-1.5|46.9
2006|-1.4|46.9
2007|-1.3|46.9
2008|-1.2|46.9
2009|-1.1|46.9
2010|-1.0|46.9
2011|-0.9|46.9
2012|-0.8|46.9
2013|-0.7|46.9
2014|-0.6|46.9
2015|-0.5|46.9
2016|-0.4|46.9
2017|-0.3|46.9
2018|-0.2|46.9
2019|-0.1|46.9
2020|0.0|46.9
2021|-10.0|47.0
2022|-9.9|47.0
2023|-9.8|47.0
2024|-9.7|47.0
2025|-9.6|47.0
2026|-9.5|47.0
2027|-9.4|47.0
2028|-9.3|47.0
2029|-9.2|47.0
2030|-9.1|47.0
2031|-9.0|47.0
2032|-8.9|47.0
2033|-8.8|47.0
2034|-8.7|47.0
2035|-8.6|47.0
2036|-8.5|47.0
2037|-8.4|47.0
2038|-8.3|47.0
2039|-8.2|47.0
2040|-8.1|47.0
2041|-8.0|47.0
2042|-7.9|47.0
2043|-7.8|47.0
2044|-7.7|47.0
2045|-7.6|47.0
2046|-7.5|47.0
2047|-7.4|47.0
2048|-7.3|47.0
2049|-7.2|47.0
2050|-7.1|47.0
2051|-7.0|47.0
2052|-6.9|47.0
2053|-6.8|47.0
2054|-6.7|47.0
2055|-6.6|47.0
2056|-6.5|47.0
2057|-6.4|47.0
2058|-6.3|47.0
2059|-6.2|47.0
2060|-6.1|47.0
2061|-6.0|47.0
2062|-5.9|47.0
2063|-5.8|47.0
2064|-5.7|47.0
2065|-5.6|47.0
2066|-5.5|47.0
2067|-5.4|47.0
2068|-5.3|47.0
2069|-5.2|47.0
2070|-5.1|47.0
2071|-5.0|47.0
2072|-4.9|47.0
2073|-4.8|47.0
2074|-4.7|47.0
2075|-4.6|47.0
2076|-4.5|47.0
2077|-4.4|47.0
2078|-4.3|47.0
2079|-4.2|47.0
2080|-4.1|47.0
2081|-4.0|47.0
2082|-3.9|47.0
2083|-3.8|47.0
2084|-3.7|47.0
2085|-3.6|47.0
2086|-3.5|47.0
2087|-3.4|47.0
2088|-3.3|47.0
2089|-3.2|47.0
2090|-3.1|47.0
2091|-3.0|47.0
2092|-2.9|47.0
2093|-2.8|47.0
2094|-2.7|47.0
2095|-2.6|47.0
2096|-2.5|47.0
2097|-2.4|47.0
2098|-2.3|47.0
2099|-2.2|47.0
2100|-2.1|47.0
2101|-2.0|47.0
2102|-1.9|47.0
2103|-1.8|47.0
2104|-1.7|47.0
2105|-1.6|47.0
2106|-1.5|47.0
2107|-1.4|47.0
2108|-1.3|47.0
2109|-1.2|47.0
2110|-1.1|47.0
2111|-1.0|47.0
2112|-0.9|47.0
2113|-0.8|47.0
2114|-0.7|47.0
2115|-0.6|47.0
2116|-0.5|47.0
2117|-0.4|47.0
2118|-0.3|47.0
2119|-0.2|47.0
2120|-0.1|47.0
2121|0.0|47.0
2122|-10.0|47.1
2123|-9.9|47.1
2124|-9.8|47.1
2125|-9.7|47.1
2126|-9.6|47.1
2127|-9.5|47.1
2128|-9.4|47.1
2129|-9.3|47.1
2130|-9.2|47.1
2131|-9.1|47.1
2132|-9.0|47.1
2133|-8.9|47.1
2134|-8.8|47.1
2135|-8.7|47.1
2136|-8.6|47.1
2137|-8.5|47.1
2138|-8.4|47.1
2139|-8.3|47.1
2140|-8.2|47.1
2141|-8.1|47.1
2142|-8.0|47.1
2143|-7.9|47.1
2144|-7.8|47.1
2145|-7.7|47.1
2146|-7.6|47.1
2147|-7.5|47.1
2148|-7.4|47.1
2149|-7.3|47.1
2150|-7.2|47.1
2151|-7.1|47.1
2152|-7.0|47.1
2153|-6.9|47.1
2154|-6.8|47.1
2155|-6.7|47.1
2156|-6.6|47.1
2157|-6.5|47.1
2158|-6.4|47.1
2159|-6.3|47.1
2160|-6.2|47.1
2161|-6.1|47.1
2162|-6.0|47.1
2163|-5.9|47.1
2164|-5.8|47.1
2165|-5.7|47.1
2166|-5.6|47.1
2167|-5.5|47.1
2168|-5.4|47.1
2169|-5.3|47.1
2170|-5.2|47.1
2171|-5.1|47.1
2172|-5.0|47.1
2173|-4.9|47.1
2174|-4.8|47.1
2175|-4.7|47.1
2176|-4.6|47.1
2177|-4.5|47.1
2178|-4.4|47.1
2179|-4.3|47.1
2180|-4.2|47.1
2181|-4.1|47.1
2182|-4.0|47.1
2183|-3.9|47.1
2184|-3.8|47.1
2185|-3.7|47.1
2186|-3.6|47.1
2187|-3.5|47.1
2188|-3.4|47.1
2189|-3.3|47.1
2190|-3.2|47.1
2191|-3.1|47.1
2192|-3.0|47.1
2193|-2.9|47.1
2194|-2.8|47.1
2195|-2.7|47.1
2196|-2.6|47.1
2197|-2.5|47.1
2198|-2.4|47.1
2199|-2.3|47.1
2200|-2.2|47.1
2201|-2.1|47.1
2202|-2.0|47.1
2203|-1.9|47.1
2204|-1.8|47.1
2205|-1.7|47.1
2206|-1.6|47.1
2207|-1.5|47.1
2208|-1.4|47.1
2209|-1.3|47.1
2210|-1.2|47.1
2211|-1.1|47.1
2212|-1.0|47.1
2213|-0.9|47.1
2214|-0.8|47.1
2215|-0.7|47.1
2216|-0.6|47.1
2217|-0.5|47.1
2218|-0.4|47.1
2219|-0.3|47.1
2220|-0.2|47.1
2221|-0.1|47.1
2222|0.0|47.1
2223|-10.0|47.2
2224|-9.9|47.2
2225|-9.8|47.2
2226|-9.7|47.2
2227|-9.6|47.2
2228|-9.5|47.2
2229|-9.4|47.2
2230|-9.3|47.2
2231|-9.2|47.2
2232|-9.1|47.2
2233|-9.0|47.2
2234|-8.9|47.2
2235|-8.8|47.2
2236|-8.7|47.2
2237|-8.6|47.2
2238|-8.5|47.2
2239|-8.4|47.2
2240|-8.3|47.2
2241|-8.2|47.2
2242|-8.1|47.2
2243|-8.0|47.2
2244|-7.9|47.2
2245|-7.8|47.2
2246|-7.7|47.2
2247|-7.6|47.2
2248|-7.5|47.2
2249|-7.4|47.2
2250|-7.3|47.2
2251|-7.2|47.2
2252|-7.1|47.2
2253|-7.0|47.2
2254|-6.9|47.2
2255|-6.8|47.2
2256|-6.7|47.2
2257|-6.6|47.2
2258|-6.5|47.2
2259|-6.4|47.2
2260|-6.3|47.2
2261|-6.2|47.2
2262|-6.1|47.2
2263|-6.0|47.2
2264|-5.9|47.2
2265|-5.8|47.2
2266|-5.7|47.2
2267|-5.6|47.2
2268|-5.5|47.2
2269|-5.4|47.2
2270|-5.3|47.2
2271|-5.2|47.2
2272|-5.1|47.2
2273|-5.0|47.2
2274|-4.9|47.2
2275|-4.8|47.2
2276|-4.7|47.2
2277|-4.6|47.2
2278|-4.5|47.2
2279|-4.4|47.2
2280|-4.3|47.2
2281|-4.2|47.2
2282|-4.1|47.2
2283|-4.0|47.2
2284|-3.9|47.2
2285|-3.8|47.2
2286|-3.7|47.2
2287|-3.6|47.2
2288|-3.5|47.2
2289|-3.4|47.2
2290|-3.3|47.2
2291|-3.2|47.2
2292|-3.1|47.2
2293|-3.0|47.2
2294|-2.9|47.2
2295|-2.8|47.2
2296|-2.7|47.2
2297|-2.6|47.2
2298|-2.5|47.2
2299|-2.4|47.2
2300|-2.3|47.2
2301|-2.2|47.2
2302|-2.1|47.2
2303|-2.0|47.2
2304|-1.9|47.2
2305|-1.8|47.2
2306|-1.7|47.2
2307|-1.6|47.2
2308|-1.5|47.2
2309|-1.4|47.2
2310|-1.3|47.2
2311|-1.2|47.2
2312|-1.1|47.2
2313|-1.0|47.2
2314|-0.9|47.2
2315|-0.8|47.2
2316|-0.7|47.2
2317|-0.6|47.2
2318|-0.5|47.2
2319|-0.4|47.2
2320|-0.3|47.2
2321|-0.2|47.2
2322|-0.1|47.2
2323|0.0|47.2
2324|-10.0|47.3
2325|-9.9|47.3
2326|-9.8|47.3
2327|-9.7|47.3
2328|-9.6|47.3
2329|-9.5|47.3
2330|-9.4|47.3
2331|-9.3|47.3
2332|-9.2|47.3
2333|-9.1|47.3
2334|-9.0|47.3
2335|-8.9|47.3
2336|-8.8|47.3
2337|-8.7|47.3
2338|-8.6|47.3
2339|-8.5|47.3
2340|-8.4|47.3
2341|-8.3|47.3
2342|-8.2|47.3
2343|-8.1|47.3
2344|-8.0|47.3
2345|-7.9|47.3
2346|-7.8|47.3
2347|-7.7|47.3
2348|-7.6|47.3
2349|-7.5|47.3
2350|-7.4|47.3
2351|-7.3|47.3
2352|-7.2|47.3
2353|-7.1|47.3
2354|-7.0|47.3
2355|-6.9|47.3
2356|-6.8|47.3
2357|-6.7|47.3
2358|-6.6|47.3
2359|-6.5|47.3
2360|-6.4|47.3
2361|-6.3|47.3
2362|-6.2|47.3
2363|-6.1|47.3
2364|-6.0|47.3
2365|-5.9|47.3
2366|-5.8|47.3
2367|-5.7|47.3
2368|-5.6|47.3
2369|-5.5|47.3
2370|-5.4|47.3
2371|-5.3|47.3
2372|-5.2|47.3
2373|-5.1|47.3
2374|-5.0|47.3
2375|-4.9|47.3
2376|-4.8|47.3
2377|-4.7|47.3
2378|-4.6|47.3
2379|-4.5|47.3
2380|-4.4|47.3
2381|-4.3|47.3
2382|-4.2|47.3
2383|-4.1|47.3
2384|-4.0|47.3
2385|-3.9|47.3
2386|-3.8|47.3
2387|-3.7|47.3
2388|-3.6|47.3
2389|-3.5|47.3
2390|-3.4|47.3
2391|-3.3|47.3
2392|-3.2|47.3
2393|-3.1|47.3
2394|-3.0|47.3
2395|-2.9|47.3
2396|-2.8|47.3
2397|-2.7|47.3
2398|-2.6|47.3
2399|-2.5|47.3
2400|-2.4|47.3
2401|-2.3|47.3
2402|-2.2|47.3
2403|-2.1|47.3
2404|-2.0|47.3
2405|-1.9|47.3
2406|-1.8|47.3
2407|-1.7|47.3
2408|-1.6|47.3
2409|-1.5|47.3
2410|-1.4|47.3
2411|-1.3|47.3
2412|-1.2|47.3
2413|-1.1|47.3
2414|-1.0|47.3
2415|-0.9|47.3
2416|-0.8|47.3
2417|-0.7|47.3
2418|-0.6|47.3
2419|-0.5|47.3
2420|-0.4|47.3
2421|-0.3|47.3
2422|-0.2|47.3
2423|-0.1|47.3
2424|0.0|47.3
2425|-10.0|47.4
2426|-9.9|47.4
2427|-9.8|47.4
2428|-9.7|47.4
2429|-9.6|47.4
2430|-9.5|47.4
2431|-9.4|47.4
2432|-9.3|47.4
2433|-9.2|47.4
2434|-9.1|47.4
2435|-9.0|47.4
2436|-8.9|47.4
2437|-8.8|47.4
2438|-8.7|47.4
2439|-8.6|47.4
2440|-8.5|47.4
2441|-8.4|47.4
2442|-8.3|47.4
2443|-8.2|47.4
2444|-8.1|47.4
2445|-8.0|47.4
2446|-7.9|47.4
2447|-7.8|47.4
2448|-7.7|47.4
2449|-7.6|47.4
2450|-7.5|47.4
2451|-7.4|47.4
2452|-7.3|47.4
2453|-7.2|47.4
2454|-7.1|47.4
2455|-7.0|47.4
2456|-6.9|47.4
2457|-6.8|47.4
2458|-6.7|47.4
2459|-6.6|47.4
2460|-6.5|47.4
2461|-6.4|47.4
2462|-6.3|47.4
2463|-6.2|47.4
2464|-6.1|47.4
2465|-6.0|47.4
2466|-5.9|47.4
2467|-5.8|47.4
2468|-5.7|47.4
2469|-5.6|47.4
2470|-5.5|47.4
2471|-5.4|47.4
2472|-5.3|47.4
2473|-5.2|47.4
2474|-5.1|47.4
2475|-5.0|47.4
2476|-4.9|47.4
2477|-4.8|47.4
2478|-4.7|47.4
2479|-4.6|47.4
2480|-4.5|47.4
2481|-4.4|47.4
2482|-4.3|47.4
2483|-4.2|47.4
2484|-4.1|47.4
2485|-4.0|47.4
2486|-3.9|47.4
2487|-3.8|47.4
2488|-3.7|47.4
2489|-3.6|47.4
2490|-3.5|47.4
2491|-3.4|47.4
2492|-3.3|47.4
2493|-3.2|47.4
2494|-3.1|47.4
2495|-3.0|47.4
2496|-2.9|47.4
2497|-2.8|47.4
2498|-2.7|47.4
2499|-2.6|47.4
2500|-2.5|47.4
2501|-2.4|47.4
2502|-2.3|47.4
2503|-2.2|47.4
2504|-2.1|47.4
2505|-2.0|47.4
2506|-1.9|47.4
2507|-1.8|47.4
2508|-1.7|47.4
2509|-1.6|47.4
2510|-1.5|47.4
2511|-1.4|47.4
2512|-1.3|47.4
2513|-1.2|47.4
2514|-1.1|47.4
2515|-1.0|47.4
2516|-0.9|47.4
2517|-0.8|47.4
2518|-0.7|47.4
2519|-0.6|47.4
2520|-0.5|47.4
2521|-0.4|47.4
2522|-0.3|47.4
2523|-0.2|47.4
2524|-0.1|47.4
2525|0.0|47.4
2526|-10.0|47.5
2527|-9.9|47.5
2528|-9.8|47.5
2529|-9.7|47.5
2530|-9.6|47.5
2531|-9.5|47.5
2532|-9.4|47.5
2533|-9.3|47.5
2534|-9.2|47.5
2535|-9.1|47.5
2536|-9.0|47.5
2537|-8.9|47.5
2538|-8.8|47.5
2539|-8.7|47.5
2540|-8.6|47.5
2541|-8.5|47.5
2542|-8.4|47.5
2543|-8.3|47.5
2544|-8.2|47.5
2545|-8.1|47.5
2546|-8.0|47.5
2547|-7.9|47.5
2548|-7.8|47.5
2549|-7.7|47.5
2550|-7.6|47.5
2551|-7.5|47.5
2552|-7.4|47.5
2553|-7.3|47.5
2554|-7.2|47.5
2555|-7.1|47.5
2556|-7.0|47.5
2557|-6.9|47.5
2558|-6.8|47.5
2559|-6.7|47.5
2560|-6.6|47.5
2561|-6.5|47.5
2562|-6.4|47.5
2563|-6.3|47.5
2564|-6.2|47.5
2565|-6.1|47.5
2566|-6.0|47.5
2567|-5.9|47.5
2568|-5.8|47.5
2569|-5.7|47.5
2570|-5.6|47.5
2571|-5.5|47.5
2572|-5.4|47.5
2573|-5.3|47.5
2574|-5.2|47.5
2575|-5.1|47.5
2576|-5.0|47.5
2577|-4.9|47.5
2578|-4.8|47.5
2579|-4.7|47.5
2580|-4.6|47.5
2581|-4.5|47.5
2582|-4.4|47.5
2583|-4.3|47.5
2584|-4.2|47.5
2585|-4.1|47.5
2586|-4.0|47.5
2587|-3.9|47.5
2588|-3.8|47.5
2589|-3.7|47.5
2590|-3.6|47.5
2591|-3.5|47.5
2592|-3.4|47.5
2593|-3.3|47.5
2594|-3.2|47.5
2595|-3.1|47.5
2596|-3.0|47.5
2597|-2.9|47.5
2598|-2.8|47.5
2599|-2.7|47.5
2600|-2.6|47.5
2601|-2.5|47.5
2602|-2.4|47.5
2603|-2.3|47.5
2604|-2.2|47.5
2605|-2.1|47.5
2606|-2.0|47.5
2607|-1.9|47.5
2608|-1.8|47.5
2609|-1.7|47.5
2610|-1.6|47.5
2611|-1.5|47.5
2612|-1.4|47.5
2613|-1.3|47.5
2614|-1.2|47.5
2615|-1.1|47.5
2616|-1.0|47.5
2617|-0.9|47.5
2618|-0.8|47.5
2619|-0.7|47.5
2620|-0.6|47.5
2621|-0.5|47.5
2622|-0.4|47.5
2623|-0.3|47.5
2624|-0.2|47.5
2625|-0.1|47.5
2626|0.0|47.5
2627|-10.0|47.6
2628|-9.9|47.6
2629|-9.8|47.6
2630|-9.7|47.6
2631|-9.6|47.6
2632|-9.5|47.6
2633|-9.4|47.6
2634|-9.3|47.6
2635|-9.2|47.6
2636|-9.1|47.6
2637|-9.0|47.6
2638|-8.9|47.6
2639|-8.8|47.6
2640|-8.7|47.6
2641|-8.6|47.6
2642|-8.5|47.6
2643|-8.4|47.6
2644|-8.3|47.6
2645|-8.2|47.6
2646|-8.1|47.6
2647|-8.0|47.6
2648|-7.9|47.6
2649|-7.8|47.6
2650|-7.7|47.6
2651|-7.6|47.6
2652|-7.5|47.6
2653|-7.4|47.6
2654|-7.3|47.6
2655|-7.2|47.6
2656|-7.1|47.6
2657|-7.0|47.6
2658|-6.9|47.6
2659|-6.8|47.6
2660|-6.7|47.6
2661|-6.6|47.6
2662|-6.5|47.6
2663|-6.4|47.6
2664|-6.3|47.6
2665|-6.2|47.6
2666|-6.1|47.6
2667|-6.0|47.6
2668|-5.9|47.6
2669|-5.8|47.6
2670|-5.7|47.6
2671|-5.6|47.6
2672|-5.5|47.6
2673|-5.4|47.6
2674|-5.3|47.6
2675|-5.2|47.6
2676|-5.1|47.6
2677|-5.0|47.6
2678|-4.9|47.6
2679|-4.8|47.6
2680|-4.7|47.6
2681|-4.6|47.6
2682|-4.5|47.6
2683|-4.4|47.6
2684|-4.3|47.6
2685|-4.2|47.6
2686|-4.1|47.6
2687|-4.0|47.6
2688|-3.9|47.6
2689|-3.8|47.6
2690|-3.7|47.6
2691|-3.6|47.6
2692|-3.5|47.6
2693|-3.4|47.6
2694|-3.3|47.6
2695|-3.2|47.6
2696|-3.1|47.6
2697|-3.0|47.6
2698|-2.9|47.6
2699|-2.8|47.6
2700|-2.7|47.6
2701|-2.6|47.6
2702|-2.5|47.6
2703|-2.4|47.6
2704|-2.3|47.6
2705|-2.2|47.6
2706|-2.1|47.6
2707|-2.0|47.6
2708|-1.9|47.6
2709|-1.8|47.6
2710|-1.7|47.6
2711|-1.6|47.6
2712|-1.5|47.6
2713|-1.4|47.6
2714|-1.3|47.6
2715|-1.2|47.6
2716|-1.1|47.6
2717|-1.0|47.6
2718|-0.9|47.6
2719|-0.8|47.6
2720|-0.7|47.6
2721|-0.6|47.6
2722|-0.5|47.6
2723|-0.4|47.6
2724|-0.3|47.6
2725|-0.2|47.6
2726|-0.1|47.6
2727|0.0|47.6
2728|-10.0|47.7
2729|-9.9|47.7
2730|-9.8|47.7
2731|-9.7|47.7
2732|-9.6|47.7
2733|-9.5|47.7
2734|-9.4|47.7
2735|-9.3|47.7
2736|-9.2|47.7
2737|-9.1|47.7
2738|-9.0|47.7
2739|-8.9|47.7
2740|-8.8|47.7
2741|-8.7|47.7
2742|-8.6|47.7
2743|-8.5|47.7
2744|-8.4|47.7
2745|-8.3|47.7
2746|-8.2|47.7
2747|-8.1|47.7
2748|-8.0|47.7
2749|-7.9|47.7
2750|-7.8|47.7
2751|-7.7|47.7
2752|-7.6|47.7
2753|-7.5|47.7
2754|-7.4|47.7
2755|-7.3|47.7
2756|-7.2|47.7
2757|-7.1|47.7
2758|-7.0|47.7
2759|-6.9|47.7
2760|-6.8|47.7
2761|-6.7|47.7
2762|-6.6|47.7
2763|-6.5|47.7
2764|-6.4|47.7
2765|-6.3|47.7
2766|-6.2|47.7
2767|-6.1|47.7
2768|-6.0|47.7
2769|-5.9|47.7
2770|-5.8|47.7
2771|-5.7|47.7
2772|-5.6|47.7
2773|-5.5|47.7
2774|-5.4|47.7
2775|-5.3|47.7
2776|-5.2|47.7
2777|-5.1|47.7
2778|-5.0|47.7
2779|-4.9|47.7
2780|-4.8|47.7
2781|-4.7|47.7
2782|-4.6|47.7
2783|-4.5|47.7
2784|-4.4|47.7
2785|-4.3|47.7
2786|-4.2|47.7
2787|-4.1|47.7
2788|-4.0|47.7
2789|-3.9|47.7
2790|-3.8|47.7
2791|-3.7|47.7
2792|-3.6|47.7
2793|-3.5|47.7
2794|-3.4|47.7
2795|-3.3|47.7
2796|-3.2|47.7
2797|-3.1|47.7
2798|-3.0|47.7
2799|-2.9|47.7
2800|-2.8|47.7
2801|-2.7|47.7
2802|-2.6|47.7
2803|-2.5|47.7
2804|-2.4|47.7
2805|-2.3|47.7
2806|-2.2|47.7
2807|-2.1|47.7
2808|-2.0|47.7
2809|-1.9|47.7
2810|-1.8|47.7
2811|-1.7|47.7
2812|-1.6|47.7
2813|-1.5|47.7
2814|-1.4|47.7
2815|-1.3|47.7
2816|-1.2|47.7
2817|-1.1|47.7
2818|-1.0|47.7
2819|-0.9|47.7
2820|-0.8|47.7
2821|-0.7|47.7
2822|-0.6|47.7
2823|-0.5|47.7
2824|-0.4|47.7
2825|-0.3|47.7
2826|-0.2|47.7
2827|-0.1|47.7
2828|0.0|47.7
2829|-10.0|47.8
2830|-9.9|47.8
2831|-9.8|47.8
2832|-9.7|47.8
2833|-9.6|47.8
2834|-9.5|47.8
2835|-9.4|47.8
2836|-9.3|47.8
2837|-9.2|47.8
2838|-9.1|47.8
2839|-9.0|47.8
2840|-8.9|47.8
2841|-8.8|47.8
2842|-8.7|47.8
2843|-8.6|47.8
2844|-8.5|47.8
2845|-8.4|47.8
2846|-8.3|47.8
2847|-8.2|47.8
2848|-8.1|47.8
2849|-8.0|47.8
2850|-7.9|47.8
2851|-7.8|47.8
2852|-7.7|47.8
2853|-7.6|47.8
2854|-7.5|47.8
2855|-7.4|47.8
2856|-7.3|47.8
2857|-7.2|47.8
2858|-7.1|47.8
2859|-7.0|47.8
2860|-6.9|47.8
2861|-6.8|47.8
2862|-6.7|47.8
2863|-6.6|47.8
2864|-6.5|47.8
2865|-6.4|47.8
2866|-6.3|47.8
2867|-6.2|47.8
2868|-6.1|47.8
2869|-6.0|47.8
2870|-5.9|47.8
2871|-5.8|47.8
2872|-5.7|47.8
2873|-5.6|47.8
2874|-5.5|47.8
2875|-5.4|47.8
2876|-5.3|47.8
2877|-5.2|47.8
2878|-5.1|47.8
2879|-5.0|47.8
2880|-4.9|47.8
2881|-4.8|47.8
2882|-4.7|47.8
2883|-4.6|47.8
2884|-4.5|47.8
2885|-4.4|47.8
2886|-4.3|47.8
2887|-4.2|47.8
2888|-4.1|47.8
2889|-4.0|47.8
2890|-3.9|47.8
2891|-3.8|47.8
2892|-3.7|47.8
2893|-3.6|47.8
2894|-3.5|47.8
2895|-3.4|47.8
2896|-3.3|47.8
2897|-3.2|47.8
2898|-3.1|47.8
2899|-3.0|47.8
2900|-2.9|47.8
2901|-2.8|47.8
2902|-2.7|47.8
2903|-2.6|47.8
2904|-2.5|47.8
2905|-2.4|47.8
2906|-2.3|47.8
2907|-2.2|47.8
2908|-2.1|47.8
2909|-2.0|47.8
2910|-1.9|47.8
2911|-1.8|47.8
2912|-1.7|47.8
2913|-1.6|47.8
2914|-1.5|47.8
2915|-1.4|47.8
2916|-1.3|47.8
2917|-1.2|47.8
2918|-1.1|47.8
2919|-1.0|47.8
2920|-0.9|47.8
2921|-0.8|47.8
2922|-0.7|47.8
2923|-0.6|47.8
2924|-0.5|47.8
2925|-0.4|47.8
2926|-0.3|47.8
2927|-0.2|47.8
2928|-0.1|47.8
2929|0.0|47.8
2930|-10.0|47.9
2931|-9.9|47.9
2932|-9.8|47.9
2933|-9.7|47.9
2934|-9.6|47.9
2935|-9.5|47.9
2936|-9.4|47.9
2937|-9.3|47.9
2938|-9.2|47.9
2939|-9.1|47.9
2940|-9.0|47.9
2941|-8.9|47.9
2942|-8.8|47.9
2943|-8.7|47.9
2944|-8.6|47.9
2945|-8.5|47.9
2946|-8.4|47.9
2947|-8.3|47.9
2948|-8.2|47.9
2949|-8.1|47.9
2950|-8.0|47.9
2951|-7.9|47.9
2952|-7.8|47.9
2953|-7.7|47.9
2954|-7.6|47.9
2955|-7.5|47.9
2956|-7.4|47.9
2957|-7.3|47.9
2958|-7.2|47.9
2959|-7.1|47.9
2960|-7.0|47.9
2961|-6.9|47.9
2962|-6.8|47.9
2963|-6.7|47.9
2964|-6.6|47.9
2965|-6.5|47.9
2966|-6.4|47.9
2967|-6.3|47.9
2968|-6.2|47.9
2969|-6.1|47.9
2970|-6.0|47.9
2971|-5.9|47.9
2972|-5.8|47.9
2973|-5.7|47.9
2974|-5.6|47.9
2975|-5.5|47.9
2976|-5.4|47.9
2977|-5.3|47.9
2978|-5.2|47.9
2979|-5.1|47.9
2980|-5.0|47.9
2981|-4.9|47.9
2982|-4.8|47.9
2983|-4.7|47.9
2984|-4.6|47.9
2985|-4.5|47.9
2986|-4.4|47.9
2987|-4.3|47.9
2988|-4.2|47.9
2989|-4.1|47.9
2990|-4.0|47.9
2991|-3.9|47.9
2992|-3.8|47.9
2993|-3.7|47.9
2994|-3.6|47.9
2995|-3.5|47.9
2996|-3.4|47.9
2997|-3.3|47.9
2998|-3.2|47.9
2999|-3.1|47.9
3000|-3.0|47.9
3001|-2.9|47.9
3002|-2.8|47.9
3003|-2.7|47.9
3004|-2.6|47.9
3005|-2.5|47.9
3006|-2.4|47.9
3007|-2.3|47.9
3008|-2.2|47.9
3009|-2.1|47.9
3010|-2.0|47.9
3011|-1.9|47.9
3012|-1.8|47.9
3013|-1.7|47.9
3014|-1.6|47.9
3015|-1.5|47.9
3016|-1.4|47.9
3017|-1.3|47.9
3018|-1.2|47.9
3019|-1.1|47.9
3020|-1.0|47.9
3021|-0.9|47.9
3022|-0.8|47.9
3023|-0.7|47.9
3024|-0.6|47.9
3025|-0.5|47.9
3026|-0.4|47.9
3027|-0.3|47.9
3028|-0.2|47.9
3029|-0.1|47.9
3030|0.0|47.9
3031|-10.0|48.0
3032|-9.9|48.0
3033|-9.8|48.0
3034|-9.7|48.0
3035|-9.6|48.0
3036|-9.5|48.0
3037|-9.4|48.0
3038|-9.3|48.0
3039|-9.2|48.0
3040|-9.1|48.0
3041|-9.0|48.0
3042|-8.9|48.0
3043|-8.8|48.0
3044|-8.7|48.0
3045|-8.6|48.0
3046|-8.5|48.0
3047|-8.4|48.0
3048|-8.3|48.0
3049|-8.2|48.0
3050|-8.1|48.0
3051|-8.0|48.0
3052|-7.9|48.0
3053|-7.8|48.0
3054|-7.7|48.0
3055|-7.6|48.0
3056|-7.5|48.0
3057|-7.4|48.0
3058|-7.3|48.0
3059|-7.2|48.0
3060|-7.1|48.0
3061|-7.0|48.0
3062|-6.9|48.0
3063|-6.8|48.0
3064|-6.7|48.0
3065|-6.6|48.0
3066|-6.5|48.0
3067|-6.4|48.0
3068|-6.3|48.0
3069|-6.2|48.0
3070|-6.1|48.0
3071|-6.0|48.0
3072|-5.9|48.0
3073|-5.8|48.0
3074|-5.7|48.0
3075|-5.6|48.0
3076|-5.5|48.0
3077|-5.4|48.0
3078|-5.3|48.0
3079|-5.2|48.0
3080|-5.1|48.0
3081|-5.0|48.0
3082|-4.9|48.0
3083|-4.8|48.0
3084|-4.7|48.0
3085|-4.6|48.0
3086|-4.5|48.0
3087|-4.4|48.0
3088|-4.3|48.0
3089|-4.2|48.0
3090|-4.1|48.0
3091|-4.0|48.0
3092|-3.9|48.0
3093|-3.8|48.0
3094|-3.7|48.0
3095|-3.6|48.0
3096|-3.5|48.0
3097|-3.4|48.0
3098|-3.3|48.0
3099|-3.2|48.0
3100|-3.1|48.0
3101|-3.0|48.0
3102|-2.9|48.0
3103|-2.8|48.0
3104|-2.7|48.0
3105|-2.6|48.0
3106|-2.5|48.0
3107|-2.4|48.0
3108|-2.3|48.0
3109|-2.2|48.0
3110|-2.1|48.0
3111|-2.0|48.0
3112|-1.9|48.0
3113|-1.8|48.0
3114|-1.7|48.0
3115|-1.6|48.0
3116|-1.5|48.0
3117|-1.4|48.0
3118|-1.3|48.0
3119|-1.2|48.0
3120|-1.1|48.0
3121|-1.0|48.0
3122|-0.9|48.0
3123|-0.8|48.0
3124|-0.7|48.0
3125|-0.6|48.0
3126|-0.5|48.0
3127|-0.4|48.0
3128|-0.3|48.0
3129|-0.2|48.0
3130|-0.1|48.0
3131|0.0|48.0
3132|-10.0|48.1
3133|-9.9|48.1
3134|-9.8|48.1
3135|-9.7|48.1
3136|-9.6|48.1
3137|-9.5|48.1
3138|-9.4|48.1
3139|-9.3|48.1
3140|-9.2|48.1
3141|-9.1|48.1
3142|-9.0|48.1
3143|-8.9|48.1
3144|-8.8|48.1
3145|-8.7|48.1
3146|-8.6|48.1
3147|-8.5|48.1
3148|-8.4|48.1
3149|-8.3|48.1
3150|-8.2|48.1
3151|-8.1|48.1
3152|-8.0|48.1
3153|-7.9|48.1
3154|-7.8|48.1
3155|-7.7|48.1
3156|-7.6|48.1
3157|-7.5|48.1
3158|-7.4|48.1
3159|-7.3|48.1
3160|-7.2|48.1
3161|-7.1|48.1
3162|-7.0|48.1
3163|-6.9|48.1
3164|-6.8|48.1
3165|-6.7|48.1
3166|-6.6|48.1
3167|-6.5|48.1
3168|-6.4|48.1
3169|-6.3|48.1
3170|-6.2|48.1
3171|-6.1|48.1
3172|-6.0|48.1
3173|-5.9|48.1
3174|-5.8|48.1
3175|-5.7|48.1
3176|-5.6|48.1
3177|-5.5|48.1
3178|-5.4|48.1
3179|-5.3|48.1
3180|-5.2|48.1
3181|-5.1|48.1
3182|-5.0|48.1
3183|-4.9|48.1
3184|-4.8|48.1
3185|-4.7|48.1
3186|-4.6|48.1
3187|-4.5|48.1
3188|-4.4|48.1
3189|-4.3|48.1
3190|-4.2|48.1
3191|-4.1|48.1
3192|-4.0|48.1
3193|-3.9|48.1
3194|-3.8|48.1
3195|-3.7|48.1
3196|-3.6|48.1
3197|-3.5|48.1
3198|-3.4|48.1
3199|-3.3|48.1
3200|-3.2|48.1
3201|-3.1|48.1
3202|-3.0|48.1
3203|-2.9|48.1
3204|-2.8|48.1
3205|-2.7|48.1
3206|-2.6|48.1
3207|-2.5|48.1
3208|-2.4|48.1
3209|-2.3|48.1
3210|-2.2|48.1
3211|-2.1|48.1
3212|-2.0|48.1
3213|-1.9|48.1
3214|-1.8|48.1
3215|-1.7|48.1
3216|-1.6|48.1
3217|-1.5|48.1
3218|-1.4|48.1
3219|-1.3|48.1
3220|-1.2|48.1
3221|-1.1|48.1
3222|-1.0|48.1
3223|-0.9|48.1
3224|-0.8|48.1
3225|-0.7|48.1
3226|-0.6|48.1
3227|-0.5|48.1
3228|-0.4|48.1
3229|-0.3|48.1
3230|-0.2|48.1
3231|-0.1|48.1
3232|0.0|48.1
3233|-10.0|48.2
3234|-9.9|48.2
3235|-9.8|48.2
3236|-9.7|48.2
3237|-9.6|48.2
3238|-9.5|48.2
3239|-9.4|48.2
3240|-9.3|48.2
3241|-9.2|48.2
3242|-9.1|48.2
3243|-9.0|48.2
3244|-8.9|48.2
3245|-8.8|48.2
3246|-8.7|48.2
3247|-8.6|48.2
3248|-8.5|48.2
3249|-8.4|48.2
3250|-8.3|48.2
3251|-8.2|48.2
3252|-8.1|48.2
3253|-8.0|48.2
3254|-7.9|48.2
3255|-7.8|48.2
3256|-7.7|48.2
3257|-7.6|48.2
3258|-7.5|48.2
3259|-7.4|48.2
3260|-7.3|48.2
3261|-7.2|48.2
3262|-7.1|48.2
3263|-7.0|48.2
3264|-6.9|48.2
3265|-6.8|48.2
3266|-6.7|48.2
3267|-6.6|48.2
3268|-6.5|48.2
3269|-6.4|48.2
3270|-6.3|48.2
3271|-6.2|48.2
3272|-6.1|48.2
3273|-6.0|48.2
3274|-5.9|48.2
3275|-5.8|48.2
3276|-5.7|48.2
3277|-5.6|48.2
3278|-5.5|48.2
3279|-5.4|48.2
3280|-5.3|48.2
3281|-5.2|48.2
3282|-5.1|48.2
3283|-5.0|48.2
3284|-4.9|48.2
3285|-4.8|48.2
3286|-4.7|48.2
3287|-4.6|48.2
3288|-4.5|48.2
3289|-4.4|48.2
3290|-4.3|48.2
3291|-4.2|48.2
3292|-4.1|48.2
3293|-4.0|48.2
3294|-3.9|48.2
3295|-3.8|48.2
3296|-3.7|48.2
3297|-3.6|48.2
3298|-3.5|48.2
3299|-3.4|48.2
3300|-3.3|48.2
3301|-3.2|48.2
3302|-3.1|48.2
3303|-3.0|48.2
3304|-2.9|48.2
3305|-2.8|48.2
3306|-2.7|48.2
3307|-2.6|48.2
3308|-2.5|48.2
3309|-2.4|48.2
3310|-2.3|48.2
3311|-2.2|48.2
3312|-2.1|48.2
3313|-2.0|48.2
3314|-1.9|48.2
3315|-1.8|48.2
3316|-1.7|48.2
3317|-1.6|48.2
3318|-1.5|48.2
3319|-1.4|48.2
3320|-1.3|48.2
3321|-1.2|48.2
3322|-1.1|48.2
3323|-1.0|48.2
3324|-0.9|48.2
3325|-0.8|48.2
3326|-0.7|48.2
3327|-0.6|48.2
3328|-0.5|48.2
3329|-0.4|48.2
3330|-0.3|48.2
3331|-0.2|48.2
3332|-0.1|48.2
3333|0.0|48.2
3334|-10.0|48.3
3335|-9.9|48.3
3336|-9.8|48.3
3337|-9.7|48.3
3338|-9.6|48.3
3339|-9.5|48.3
3340|-9.4|48.3
3341|-9.3|48.3
3342|-9.2|48.3
3343|-9.1|48.3
3344|-9.0|48.3
3345|-8.9|48.3
3346|-8.8|48.3
3347|-8.7|48.3
3348|-8.6|48.3
3349|-8.5|48.3
3350|-8.4|48.3
3351|-8.3|48.3
3352|-8.2|48.3
3353|-8.1|48.3
3354|-8.0|48.3
3355|-7.9|48.3
3356|-7.8|48.3
3357|-7.7|48.3
3358|-7.6|48.3
3359|-7.5|48.3
3360|-7.4|48.3
3361|-7.3|48.3
3362|-7.2|48.3
3363|-7.1|48.3
3364|-7.0|48.3
3365|-6.9|48.3
3366|-6.8|48.3
3367|-6.7|48.3
3368|-6.6|48.3
3369|-6.5|48.3
3370|-6.4|48.3
3371|-6.3|48.3
3372|-6.2|48.3
3373|-6.1|48.3
3374|-6.0|48.3
3375|-5.9|48.3
3376|-5.8|48.3
3377|-5.7|48.3
3378|-5.6|48.3
3379|-5.5|48.3
3380|-5.4|48.3
3381|-5.3|48.3
3382|-5.2|48.3
3383|-5.1|48.3
3384|-5.0|48.3
3385|-4.9|48.3
3386|-4.8|48.3
3387|-4.7|48.3
3388|-4.6|48.3
3389|-4.5|48.3
3390|-4.4|48.3
3391|-4.3|48.3
3392|-4.2|48.3
3393|-4.1|48.3
3394|-4.0|48.3
3395|-3.9|48.3
3396|-3.8|48.3
3397|-3.7|48.3
3398|-3.6|48.3
3399|-3.5|48.3
3400|-3.4|48.3
3401|-3.3|48.3
3402|-3.2|48.3
3403|-3.1|48.3
3404|-3.0|48.3
3405|-2.9|48.3
3406|-2.8|48.3
3407|-2.7|48.3
3408|-2.6|48.3
3409|-2.5|48.3
3410|-2.4|48.3
3411|-2.3|48.3
3412|-2.2|48.3
3413|-2.1|48.3
3414|-2.0|48.3
3415|-1.9|48.3
3416|-1.8|48.3
3417|-1.7|48.3
3418|-1.6|48.3
3419|-1.5|48.3
3420|-1.4|48.3
3421|-1.3|48.3
3422|-1.2|48.3
3423|-1.1|48.3
3424|-1.0|48.3
3425|-0.9|48.3
3426|-0.8|48.3
3427|-0.7|48.3
3428|-0.6|48.3
3429|-0.5|48.3
3430|-0.4|48.3
3431|-0.3|48.3
3432|-0.2|48.3
3433|-0.1|48.3
3434|0.0|48.3
3435|-10.0|48.4
3436|-9.9|48.4
3437|-9.8|48.4
3438|-9.7|48.4
3439|-9.6|48.4
3440|-9.5|48.4
3441|-9.4|48.4
3442|-9.3|48.4
3443|-9.2|48.4
3444|-9.1|48.4
3445|-9.0|48.4
3446|-8.9|48.4
3447|-8.8|48.4
3448|-8.7|48.4
3449|-8.6|48.4
3450|-8.5|48.4
3451|-8.4|48.4
3452|-8.3|48.4
3453|-8.2|48.4
3454|-8.1|48.4
3455|-8.0|48.4
3456|-7.9|48.4
3457|-7.8|48.4
3458|-7.7|48.4
3459|-7.6|48.4
3460|-7.5|48.4
3461|-7.4|48.4
3462|-7.3|48.4
3463|-7.2|48.4
3464|-7.1|48.4
3465|-7.0|48.4
3466|-6.9|48.4
3467|-6.8|48.4
3468|-6.7|48.4
3469|-6.6|48.4
3470|-6.5|48.4
3471|-6.4|48.4
3472|-6.3|48.4
3473|-6.2|48.4
3474|-6.1|48.4
3475|-6.0|48.4
3476|-5.9|48.4
3477|-5.8|48.4
3478|-5.7|48.4
3479|-5.6|48.4
3480|-5.5|48.4
3481|-5.4|48.4
3482|-5.3|48.4
3483|-5.2|48.4
3484|-5.1|48.4
3485|-5.0|48.4
3486|-4.9|48.4
3487|-4.8|48.4
3488|-4.7|48.4
3489|-4.6|48.4
3490|-4.5|48.4
3491|-4.4|48.4
3492|-4.3|48.4
3493|-4.2|48.4
3494|-4.1|48.4
3495|-4.0|48.4
3496|-3.9|48.4
3497|-3.8|48.4
3498|-3.7|48.4
3499|-3.6|48.4
3500|-3.5|48.4
3501|-3.4|48.4
3502|-3.3|48.4
3503|-3.2|48.4
3504|-3.1|48.4
3505|-3.0|48.4
3506|-2.9|48.4
3507|-2.8|48.4
3508|-2.7|48.4
3509|-2.6|48.4
3510|-2.5|48.4
3511|-2.4|48.4
3512|-2.3|48.4
3513|-2.2|48.4
3514|-2.1|48.4
3515|-2.0|48.4
3516|-1.9|48.4
3517|-1.8|48.4
3518|-1.7|48.4
3519|-1.6|48.4
3520|-1.5|48.4
3521|-1.4|48.4
3522|-1.3|48.4
3523|-1.2|48.4
3524|-1.1|48.4
3525|-1.0|48.4
3526|-0.9|48.4
3527|-0.8|48.4
3528|-0.7|48.4
3529|-0.6|48.4
3530|-0.5|48.4
3531|-0.4|48.4
3532|-0.3|48.4
3533|-0.2|48.4
3534|-0.1|48.4
3535|0.0|48.4
3536|-10.0|48.5
3537|-9.9|48.5
3538|-9.8|48.5
3539|-9.7|48.5
3540|-9.6|48.5
3541|-9.5|48.5
3542|-9.4|48.5
3543|-9.3|48.5
3544|-9.2|48.5
3545|-9.1|48.5
3546|-9.0|48.5
3547|-8.9|48.5
3548|-8.8|48.5
3549|-8.7|48.5
3550|-8.6|48.5
3551|-8.5|48.5
3552|-8.4|48.5
3553|-8.3|48.5
3554|-8.2|48.5
3555|-8.1|48.5
3556|-8.0|48.5
3557|-7.9|48.5
3558|-7.8|48.5
3559|-7.7|48.5
3560|-7.6|48.5
3561|-7.5|48.5
3562|-7.4|48.5
3563|-7.3|48.5
3564|-7.2|48.5
3565|-7.1|48.5
3566|-7.0|48.5
3567|-6.9|48.5
3568|-6.8|48.5
3569|-6.7|48.5
3570|-6.6|48.5
3571|-6.5|48.5
3572|-6.4|48.5
3573|-6.3|48.5
3574|-6.2|48.5
3575|-6.1|48.5
3576|-6.0|48.5
3577|-5.9|48.5
3578|-5.8|48.5
3579|-5.7|48.5
3580|-5.6|48.5
3581|-5.5|48.5
3582|-5.4|48.5
3583|-5.3|48.5
3584|-5.2|48.5
3585|-5.1|48.5
3586|-5.0|48.5
3587|-4.9|48.5
3588|-4.8|48.5
3589|-4.7|48.5
3590|-4.6|48.5
3591|-4.5|48.5
3592|-4.4|48.5
3593|-4.3|48.5
3594|-4.2|48.5
3595|-4.1|48.5
3596|-4.0|48.5
3597|-3.9|48.5
3598|-3.8|48.5
3599|-3.7|48.5
3600|-3.6|48.5
3601|-3.5|48.5
3602|-3.4|48.5
3603|-3.3|48.5
3604|-3.2|48.5
3605|-3.1|48.5
3606|-3.0|48.5
3607|-2.9|48.5
3608|-2.8|48.5
3609|-2.7|48.5
3610|-2.6|48.5
3611|-2.5|48.5
3612|-2.4|48.5
3613|-2.3|48.5
3614|-2.2|48.5
3615|-2.1|48.5
3616|-2.0|48.5
3617|-1.9|48.5
3618|-1.8|48.5
3619|-1.7|48.5
3620|-1.6|48.5
3621|-1.5|48.5
3622|-1.4|48.5
3623|-1.3|48.5
3624|-1.2|48.5
3625|-1.1|48.5
3626|-1.0|48.5
3627|-0.9|48.5
3628|-0.8|48.5
3629|-0.7|48.5
3630|-0.6|48.5
3631|-0.5|48.5
3632|-0.4|48.5
3633|-0.3|48.5
3634|-0.2|48.5
3635|-0.1|48.5
3636|0.0|48.5
3637|-10.0|48.6
3638|-9.9|48.6
3639|-9.8|48.6
3640|-9.7|48.6
3641|-9.6|48.6
3642|-9.5|48.6
3643|-9.4|48.6
3644|-9.3|48.6
3645|-9.2|48.6
3646|-9.1|48.6
3647|-9.0|48.6
3648|-8.9|48.6
3649|-8.8|48.6
3650|-8.7|48.6
3651|-8.6|48.6
3652|-8.5|48.6
3653|-8.4|48.6
3654|-8.3|48.6
3655|-8.2|48.6
3656|-8.1|48.6
3657|-8.0|48.6
3658|-7.9|48.6
3659|-7.8|48.6
3660|-7.7|48.6
3661|-7.6|48.6
3662|-7.5|48.6
3663|-7.4|48.6
3664|-7.3|48.6
3665|-7.2|48.6
3666|-7.1|48.6
3667|-7.0|48.6
3668|-6.9|48.6
3669|-6.8|48.6
3670|-6.7|48.6
3671|-6.6|48.6
3672|-6.5|48.6
3673|-6.4|48.6
3674|-6.3|48.6
3675|-6.2|48.6
3676|-6.1|48.6
3677|-6.0|48.6
3678|-5.9|48.6
3679|-5.8|48.6
3680|-5.7|48.6
3681|-5.6|48.6
3682|-5.5|48.6
3683|-5.4|48.6
3684|-5.3|48.6
3685|-5.2|48.6
3686|-5.1|48.6
3687|-5.0|48.6
3688|-4.9|48.6
3689|-4.8|48.6
3690|-4.7|48.6
3691|-4.6|48.6
3692|-4.5|48.6
3693|-4.4|48.6
3694|-4.3|48.6
3695|-4.2|48.6
3696|-4.1|48.6
3697|-4.0|48.6
3698|-3.9|48.6
3699|-3.8|48.6
3700|-3.7|48.6
3701|-3.6|48.6
3702|-3.5|48.6
3703|-3.4|48.6
3704|-3.3|48.6
3705|-3.2|48.6
3706|-3.1|48.6
3707|-3.0|48.6
3708|-2.9|48.6
3709|-2.8|48.6
3710|-2.7|48.6
3711|-2.6|48.6
3712|-2.5|48.6
3713|-2.4|48.6
3714|-2.3|48.6
3715|-2.2|48.6
3716|-2.1|48.6
3717|-2.0|48.6
3718|-1.9|48.6
3719|-1.8|48.6
3720|-1.7|48.6
3721|-1.6|48.6
3722|-1.5|48.6
3723|-1.4|48.6
3724|-1.3|48.6
3725|-1.2|48.6
3726|-1.1|48.6
3727|-1.0|48.6
3728|-0.9|48.6
3729|-0.8|48.6
3730|-0.7|48.6
3731|-0.6|48.6
3732|-0.5|48.6
3733|-0.4|48.6
3734|-0.3|48.6
3735|-0.2|48.6
3736|-0.1|48.6
3737|0.0|48.6
3738|-10.0|48.7
3739|-9.9|48.7
3740|-9.8|48.7
3741|-9.7|48.7
3742|-9.6|48.7
3743|-9.5|48.7
3744|-9.4|48.7
3745|-9.3|48.7
3746|-9.2|48.7
3747|-9.1|48.7
3748|-9.0|48.7
3749|-8.9|48.7
3750|-8.8|48.7
3751|-8.7|48.7
3752|-8.6|48.7
3753|-8.5|48.7
3754|-8.4|48.7
3755|-8.3|48.7
3756|-8.2|48.7
3757|-8.1|48.7
3758|-8.0|48.7
3759|-7.9|48.7
3760|-7.8|48.7
3761|-7.7|48.7
3762|-7.6|48.7
3763|-7.5|48.7
3764|-7.4|48.7
3765|-7.3|48.7
3766|-7.2|48.7
3767|-7.1|48.7
3768|-7.0|48.7
3769|-6.9|48.7
3770|-6.8|48.7
3771|-6.7|48.7
3772|-6.6|48.7
3773|-6.5|48.7
3774|-6.4|48.7
3775|-6.3|48.7
3776|-6.2|48.7
3777|-6.1|48.7
3778|-6.0|48.7
3779|-5.9|48.7
3780|-5.8|48.7
3781|-5.7|48.7
3782|-5.6|48.7
3783|-5.5|48.7
3784|-5.4|48.7
3785|-5.3|48.7
3786|-5.2|48.7
3787|-5.1|48.7
3788|-5.0|48.7
3789|-4.9|48.7
3790|-4.8|48.7
3791|-4.7|48.7
3792|-4.6|48.7
3793|-4.5|48.7
3794|-4.4|48.7
3795|-4.3|48.7
3796|-4.2|48.7
3797|-4.1|48.7
3798|-4.0|48.7
3799|-3.9|48.7
3800|-3.8|48.7
3801|-3.7|48.7
3802|-3.6|48.7
3803|-3.5|48.7
3804|-3.4|48.7
3805|-3.3|48.7
3806|-3.2|48.7
3807|-3.1|48.7
3808|-3.0|48.7
3809|-2.9|48.7
3810|-2.8|48.7
3811|-2.7|48.7
3812|-2.6|48.7
3813|-2.5|48.7
3814|-2.4|48.7
3815|-2.3|48.7
3816|-2.2|48.7
3817|-2.1|48.7
3818|-2.0|48.7
3819|-1.9|48.7
3820|-1.8|48.7
3821|-1.7|48.7
3822|-1.6|48.7
3823|-1.5|48.7
3824|-1.4|48.7
3825|-1.3|48.7
3826|-1.2|48.7
3827|-1.1|48.7
3828|-1.0|48.7
3829|-0.9|48.7
3830|-0.8|48.7
3831|-0.7|48.7
3832|-0.6|48.7
3833|-0.5|48.7
3834|-0.4|48.7
3835|-0.3|48.7
3836|-0.2|48.7
3837|-0.1|48.7
3838|0.0|48.7
3839|-10.0|48.8
3840|-9.9|48.8
3841|-9.8|48.8
3842|-9.7|48.8
3843|-9.6|48.8
3844|-9.5|48.8
3845|-9.4|48.8
3846|-9.3|48.8
3847|-9.2|48.8
3848|-9.1|48.8
3849|-9.0|48.8
3850|-8.9|48.8
3851|-8.8|48.8
3852|-8.7|48.8
3853|-8.6|48.8
3854|-8.5|48.8
3855|-8.4|48.8
3856|-8.3|48.8
3857|-8.2|48.8
3858|-8.1|48.8
3859|-8.0|48.8
3860|-7.9|48.8
3861|-7.8|48.8
3862|-7.7|48.8
3863|-7.6|48.8
3864|-7.5|48.8
3865|-7.4|48.8
3866|-7.3|48.8
3867|-7.2|48.8
3868|-7.1|48.8
3869|-7.0|48.8
3870|-6.9|48.8
3871|-6.8|48.8
3872|-6.7|48.8
3873|-6.6|48.8
3874|-6.5|48.8
3875|-6.4|48.8
3876|-6.3|48.8
3877|-6.2|48.8
3878|-6.1|48.8
3879|-6.0|48.8
3880|-5.9|48.8
3881|-5.8|48.8
3882|-5.7|48.8
3883|-5.6|48.8
3884|-5.5|48.8
3885|-5.4|48.8
3886|-5.3|48.8
3887|-5.2|48.8
3888|-5.1|48.8
3889|-5.0|48.8
3890|-4.9|48.8
3891|-4.8|48.8
3892|-4.7|48.8
3893|-4.6|48.8
3894|-4.5|48.8
3895|-4.4|48.8
3896|-4.3|48.8
3897|-4.2|48.8
3898|-4.1|48.8
3899|-4.0|48.8
3900|-3.9|48.8
3901|-3.8|48.8
3902|-3.7|48.8
3903|-3.6|48.8
3904|-3.5|48.8
3905|-3.4|48.8
3906|-3.3|48.8
3907|-3.2|48.8
3908|-3.1|48.8
3909|-3.0|48.8
3910|-2.9|48.8
3911|-2.8|48.8
3912|-2.7|48.8
3913|-2.6|48.8
3914|-2.5|48.8
3915|-2.4|48.8
3916|-2.3|48.8
3917|-2.2|48.8
3918|-2.1|48.8
3919|-2.0|48.8
3920|-1.9|48.8
3921|-1.8|48.8
3922|-1.7|48.8
3923|-1.6|48.8
3924|-1.5|48.8
3925|-1.4|48.8
3926|-1.3|48.8
3927|-1.2|48.8
3928|-1.1|48.8
3929|-1.0|48.8
3930|-0.9|48.8
3931|-0.8|48.8
3932|-0.7|48.8
3933|-0.6|48.8
3934|-0.5|48.8
3935|-0.4|48.8
3936|-0.3|48.8
3937|-0.2|48.8
3938|-0.1|48.8
3939|0.0|48.8
3940|-10.0|48.9
3941|-9.9|48.9
3942|-9.8|48.9
3943|-9.7|48.9
3944|-9.6|48.9
3945|-9.5|48.9
3946|-9.4|48.9
3947|-9.3|48.9
3948|-9.2|48.9
3949|-9.1|48.9
3950|-9.0|48.9
3951|-8.9|48.9
3952|-8.8|48.9
3953|-8.7|48.9
3954|-8.6|48.9
3955|-8.5|48.9
3956|-8.4|48.9
3957|-8.3|48.9
3958|-8.2|48.9
3959|-8.1|48.9
3960|-8.0|48.9
3961|-7.9|48.9
3962|-7.8|48.9
3963|-7.7|48.9
3964|-7.6|48.9
3965|-7.5|48.9
3966|-7.4|48.9
3967|-7.3|48.9
3968|-7.2|48.9
3969|-7.1|48.9
3970|-7.0|48.9
3971|-6.9|48.9
3972|-6.8|48.9
3973|-6.7|48.9
3974|-6.6|48.9
3975|-6.5|48.9
3976|-6.4|48.9
3977|-6.3|48.9
3978|-6.2|48.9
3979|-6.1|48.9
3980|-6.0|48.9
3981|-5.9|48.9
3982|-5.8|48.9
3983|-5.7|48.9
3984|-5.6|48.9
3985|-5.5|48.9
3986|-5.4|48.9
3987|-5.3|48.9
3988|-5.2|48.9
3989|-5.1|48.9
3990|-5.0|48.9
3991|-4.9|48.9
3992|-4.8|48.9
3993|-4.7|48.9
3994|-4.6|48.9
3995|-4.5|48.9
3996|-4.4|48.9
3997|-4.3|48.9
3998|-4.2|48.9
3999|-4.1|48.9
4000|-4.0|48.9
4001|-3.9|48.9
4002|-3.8|48.9
4003|-3.7|48.9
4004|-3.6|48.9
4005|-3.5|48.9
4006|-3.4|48.9
4007|-3.3|48.9
4008|-3.2|48.9
4009|-3.1|48.9
4010|-3.0|48.9
4011|-2.9|48.9
4012|-2.8|48.9
4013|-2.7|48.9
4014|-2.6|48.9
4015|-2.5|48.9
4016|-2.4|48.9
4017|-2.3|48.9
4018|-2.2|48.9
4019|-2.1|48.9
4020|-2.0|48.9
4021|-1.9|48.9
4022|-1.8|48.9
4023|-1.7|48.9
4024|-1.6|48.9
4025|-1.5|48.9
4026|-1.4|48.9
4027|-1.3|48.9
4028|-1.2|48.9
4029|-1.1|48.9
4030|-1.0|48.9
4031|-0.9|48.9
4032|-0.8|48.9
4033|-0.7|48.9
4034|-0.6|48.9
4035|-0.5|48.9
4036|-0.4|48.9
4037|-0.3|48.9
4038|-0.2|48.9
4039|-0.1|48.9
4040|0.0|48.9
4041|-10.0|49.0
4042|-9.9|49.0
4043|-9.8|49.0
4044|-9.7|49.0
4045|-9.6|49.0
4046|-9.5|49.0
4047|-9.4|49.0
4048|-9.3|49.0
4049|-9.2|49.0
4050|-9.1|49.0
4051|-9.0|49.0
4052|-8.9|49.0
4053|-8.8|49.0
4054|-8.7|49.0
4055|-8.6|49.0
4056|-8.5|49.0
4057|-8.4|49.0
4058|-8.3|49.0
4059|-8.2|49.0
4060|-8.1|49.0
4061|-8.0|49.0
4062|-7.9|49.0
4063|-7.8|49.0
4064|-7.7|49.0
4065|-7.6|49.0
4066|-7.5|49.0
4067|-7.4|49.0
4068|-7.3|49.0
4069|-7.2|49.0
4070|-7.1|49.0
4071|-7.0|49.0
4072|-6.9|49.0
4073|-6.8|49.0
4074|-6.7|49.0
4075|-6.6|49.0
4076|-6.5|49.0
4077|-6.4|49.0
4078|-6.3|49.0
4079|-6.2|49.0
4080|-6.1|49.0
4081|-6.0|49.0
4082|-5.9|49.0
4083|-5.8|49.0
4084|-5.7|49.0
4085|-5.6|49.0
4086|-5.5|49.0
4087|-5.4|49.0
4088|-5.3|49.0
4089|-5.2|49.0
4090|-5.1|49.0
4091|-5.0|49.0
4092|-4.9|49.0
4093|-4.8|49.0
4094|-4.7|49.0
4095|-4.6|49.0
4096|-4.5|49.0
4097|-4.4|49.0
4098|-4.3|49.0
4099|-4.2|49.0
4100|-4.1|49.0
4101|-4.0|49.0
4102|-3.9|49.0
4103|-3.8|49.0
4104|-3.7|49.0
4105|-3.6|49.0
4106|-3.5|49.0
4107|-3.4|49.0
4108|-3.3|49.0
4109|-3.2|49.0
4110|-3.1|49.0
4111|-3.0|49.0
4112|-2.9|49.0
4113|-2.8|49.0
4114|-2.7|49.0
4115|-2.6|49.0
4116|-2.5|49.0
4117|-2.4|49.0
4118|-2.3|49.0
4119|-2.2|49.0
4120|-2.1|49.0
4121|-2.0|49.0
4122|-1.9|49.0
4123|-1.8|49.0
4124|-1.7|49.0
4125|-1.6|49.0
4126|-1.5|49.0
4127|-1.4|49.0
4128|-1.3|49.0
4129|-1.2|49.0
4130|-1.1|49.0
4131|-1.0|49.0
4132|-0.9|49.0
4133|-0.8|49.0
4134|-0.7|49.0
4135|-0.6|49.0
4136|-0.5|49.0
4137|-0.4|49.0
4138|-0.3|49.0
4139|-0.2|49.0
4140|-0.1|49.0
4141|0.0|49.0
4142|-10.0|49.1
4143|-9.9|49.1
4144|-9.8|49.1
4145|-9.7|49.1
4146|-9.6|49.1
4147|-9.5|49.1
4148|-9.4|49.1
4149|-9.3|49.1
4150|-9.2|49.1
4151|-9.1|49.1
4152|-9.0|49.1
4153|-8.9|49.1
4154|-8.8|49.1
4155|-8.7|49.1
4156|-8.6|49.1
4157|-8.5|49.1
4158|-8.4|49.1
4159|-8.3|49.1
4160|-8.2|49.1
4161|-8.1|49.1
4162|-8.0|49.1
4163|-7.9|49.1
4164|-7.8|49.1
4165|-7.7|49.1
4166|-7.6|49.1
4167|-7.5|49.1
4168|-7.4|49.1
4169|-7.3|49.1
4170|-7.2|49.1
4171|-7.1|49.1
4172|-7.0|49.1
4173|-6.9|49.1
4174|-6.8|49.1
4175|-6.7|49.1
4176|-6.6|49.1
4177|-6.5|49.1
4178|-6.4|49.1
4179|-6.3|49.1
4180|-6.2|49.1
4181|-6.1|49.1
4182|-6.0|49.1
4183|-5.9|49.1
4184|-5.8|49.1
4185|-5.7|49.1
4186|-5.6|49.1
4187|-5.5|49.1
4188|-5.4|49.1
4189|-5.3|49.1
4190|-5.2|49.1
4191|-5.1|49.1
4192|-5.0|49.1
4193|-4.9|49.1
4194|-4.8|49.1
4195|-4.7|49.1
4196|-4.6|49.1
4197|-4.5|49.1
4198|-4.4|49.1
4199|-4.3|49.1
4200|-4.2|49.1
4201|-4.1|49.1
4202|-4.0|49.1
4203|-3.9|49.1
4204|-3.8|49.1
4205|-3.7|49.1
4206|-3.6|49.1
4207|-3.5|49.1
4208|-3.4|49.1
4209|-3.3|49.1
4210|-3.2|49.1
4211|-3.1|49.1
4212|-3.0|49.1
4213|-2.9|49.1
4214|-2.8|49.1
4215|-2.7|49.1
4216|-2.6|49.1
4217|-2.5|49.1
4218|-2.4|49.1
4219|-2.3|49.1
4220|-2.2|49.1
4221|-2.1|49.1
4222|-2.0|49.1
4223|-1.9|49.1
4224|-1.8|49.1
4225|-1.7|49.1
4226|-1.6|49.1
4227|-1.5|49.1
4228|-1.4|49.1
4229|-1.3|49.1
4230|-1.2|49.1
4231|-1.1|49.1
4232|-1.0|49.1
4233|-0.9|49.1
4234|-0.8|49.1
4235|-0.7|49.1
4236|-0.6|49.1
4237|-0.5|49.1
4238|-0.4|49.1
4239|-0.3|49.1
4240|-0.2|49.1
4241|-0.1|49.1
4242|0.0|49.1
4243|-10.0|49.2
4244|-9.9|49.2
4245|-9.8|49.2
4246|-9.7|49.2
4247|-9.6|49.2
4248|-9.5|49.2
4249|-9.4|49.2
4250|-9.3|49.2
4251|-9.2|49.2
4252|-9.1|49.2
4253|-9.0|49.2
4254|-8.9|49.2
4255|-8.8|49.2
4256|-8.7|49.2
4257|-8.6|49.2
4258|-8.5|49.2
4259|-8.4|49.2
4260|-8.3|49.2
4261|-8.2|49.2
4262|-8.1|49.2
4263|-8.0|49.2
4264|-7.9|49.2
4265|-7.8|49.2
4266|-7.7|49.2
4267|-7.6|49.2
4268|-7.5|49.2
4269|-7.4|49.2
4270|-7.3|49.2
4271|-7.2|49.2
4272|-7.1|49.2
4273|-7.0|49.2
4274|-6.9|49.2
4275|-6.8|49.2
4276|-6.7|49.2
4277|-6.6|49.2
4278|-6.5|49.2
4279|-6.4|49.2
4280|-6.3|49.2
4281|-6.2|49.2
4282|-6.1|49.2
4283|-6.0|49.2
4284|-5.9|49.2
4285|-5.8|49.2
4286|-5.7|49.2
4287|-5.6|49.2
4288|-5.5|49.2
4289|-5.4|49.2
4290|-5.3|49.2
4291|-5.2|49.2
4292|-5.1|49.2
4293|-5.0|49.2
4294|-4.9|49.2
4295|-4.8|49.2
4296|-4.7|49.2
4297|-4.6|49.2
4298|-4.5|49.2
4299|-4.4|49.2
4300|-4.3|49.2
4301|-4.2|49.2
4302|-4.1|49.2
4303|-4.0|49.2
4304|-3.9|49.2
4305|-3.8|49.2
4306|-3.7|49.2
4307|-3.6|49.2
4308|-3.5|49.2
4309|-3.4|49.2
4310|-3.3|49.2
4311|-3.2|49.2
4312|-3.1|49.2
4313|-3.0|49.2
4314|-2.9|49.2
4315|-2.8|49.2
4316|-2.7|49.2
4317|-2.6|49.2
4318|-2.5|49.2
4319|-2.4|49.2
4320|-2.3|49.2
4321|-2.2|49.2
4322|-2.1|49.2
4323|-2.0|49.2
4324|-1.9|49.2
4325|-1.8|49.2
4326|-1.7|49.2
4327|-1.6|49.2
4328|-1.5|49.2
4329|-1.4|49.2
4330|-1.3|49.2
4331|-1.2|49.2
4332|-1.1|49.2
4333|-1.0|49.2
4334|-0.9|49.2
4335|-0.8|49.2
4336|-0.7|49.2
4337|-0.6|49.2
4338|-0.5|49.2
4339|-0.4|49.2
4340|-0.3|49.2
4341|-0.2|49.2
4342|-0.1|49.2
4343|0.0|49.2
4344|-10.0|49.3
4345|-9.9|49.3
4346|-9.8|49.3
4347|-9.7|49.3
4348|-9.6|49.3
4349|-9.5|49.3
4350|-9.4|49.3
4351|-9.3|49.3
4352|-9.2|49.3
4353|-9.1|49.3
4354|-9.0|49.3
4355|-8.9|49.3
4356|-8.8|49.3
4357|-8.7|49.3
4358|-8.6|49.3
4359|-8.5|49.3
4360|-8.4|49.3
4361|-8.3|49.3
4362|-8.2|49.3
4363|-8.1|49.3
4364|-8.0|49.3
4365|-7.9|49.3
4366|-7.8|49.3
4367|-7.7|49.3
4368|-7.6|49.3
4369|-7.5|49.3
4370|-7.4|49.3
4371|-7.3|49.3
4372|-7.2|49.3
4373|-7.1|49.3
4374|-7.0|49.3
4375|-6.9|49.3
4376|-6.8|49.3
4377|-6.7|49.3
4378|-6.6|49.3
4379|-6.5|49.3
4380|-6.4|49.3
4381|-6.3|49.3
4382|-6.2|49.3
4383|-6.1|49.3
4384|-6.0|49.3
4385|-5.9|49.3
4386|-5.8|49.3
4387|-5.7|49.3
4388|-5.6|49.3
4389|-5.5|49.3
4390|-5.4|49.3
4391|-5.3|49.3
4392|-5.2|49.3
4393|-5.1|49.3
4394|-5.0|49.3
4395|-4.9|49.3
4396|-4.8|49.3
4397|-4.7|49.3
4398|-4.6|49.3
4399|-4.5|49.3
4400|-4.4|49.3
4401|-4.3|49.3
4402|-4.2|49.3
4403|-4.1|49.3
4404|-4.0|49.3
4405|-3.9|49.3
4406|-3.8|49.3
4407|-3.7|49.3
4408|-3.6|49.3
4409|-3.5|49.3
4410|-3.4|49.3
4411|-3.3|49.3
4412|-3.2|49.3
4413|-3.1|49.3
4414|-3.0|49.3
4415|-2.9|49.3
4416|-2.8|49.3
4417|-2.7|49.3
4418|-2.6|49.3
4419|-2.5|49.3
4420|-2.4|49.3
4421|-2.3|49.3
4422|-2.2|49.3
4423|-2.1|49.3
4424|-2.0|49.3
4425|-1.9|49.3
4426|-1.8|49.3
4427|-1.7|49.3
4428|-1.6|49.3
4429|-1.5|49.3
4430|-1.4|49.3
4431|-1.3|49.3
4432|-1.2|49.3
4433|-1.1|49.3
4434|-1.0|49.3
4435|-0.9|49.3
4436|-0.8|49.3
4437|-0.7|49.3
4438|-0.6|49.3
4439|-0.5|49.3
4440|-0.4|49.3
4441|-0.3|49.3
4442|-0.2|49.3
4443|-0.1|49.3
4444|0.0|49.3
4445|-10.0|49.4
4446|-9.9|49.4
4447|-9.8|49.4
4448|-9.7|49.4
4449|-9.6|49.4
4450|-9.5|49.4
4451|-9.4|49.4
4452|-9.3|49.4
4453|-9.2|49.4
4454|-9.1|49.4
4455|-9.0|49.4
4456|-8.9|49.4
4457|-8.8|49.4
4458|-8.7|49.4
4459|-8.6|49.4
4460|-8.5|49.4
4461|-8.4|49.4
4462|-8.3|49.4
4463|-8.2|49.4
4464|-8.1|49.4
4465|-8.0|49.4
4466|-7.9|49.4
4467|-7.8|49.4
4468|-7.7|49.4
4469|-7.6|49.4
4470|-7.5|49.4
4471|-7.4|49.4
4472|-7.3|49.4
4473|-7.2|49.4
4474|-7.1|49.4
4475|-7.0|49.4
4476|-6.9|49.4
4477|-6.8|49.4
4478|-6.7|49.4
4479|-6.6|49.4
4480|-6.5|49.4
4481|-6.4|49.4
4482|-6.3|49.4
4483|-6.2|49.4
4484|-6.1|49.4
4485|-6.0|49.4
4486|-5.9|49.4
4487|-5.8|49.4
4488|-5.7|49.4
4489|-5.6|49.4
4490|-5.5|49.4
4491|-5.4|49.4
4492|-5.3|49.4
4493|-5.2|49.4
4494|-5.1|49.4
4495|-5.0|49.4
4496|-4.9|49.4
4497|-4.8|49.4
4498|-4.7|49.4
4499|-4.6|49.4
4500|-4.5|49.4
4501|-4.4|49.4
4502|-4.3|49.4
4503|-4.2|49.4
4504|-4.1|49.4
4505|-4.0|49.4
4506|-3.9|49.4
4507|-3.8|49.4
4508|-3.7|49.4
4509|-3.6|49.4
4510|-3.5|49.4
4511|-3.4|49.4
4512|-3.3|49.4
4513|-3.2|49.4
4514|-3.1|49.4
4515|-3.0|49.4
4516|-2.9|49.4
4517|-2.8|49.4
4518|-2.7|49.4
4519|-2.6|49.4
4520|-2.5|49.4
4521|-2.4|49.4
4522|-2.3|49.4
4523|-2.2|49.4
4524|-2.1|49.4
4525|-2.0|49.4
4526|-1.9|49.4
4527|-1.8|49.4
4528|-1.7|49.4
4529|-1.6|49.4
4530|-1.5|49.4
4531|-1.4|49.4
4532|-1.3|49.4
4533|-1.2|49.4
4534|-1.1|49.4
4535|-1.0|49.4
4536|-0.9|49.4
4537|-0.8|49.4
4538|-0.7|49.4
4539|-0.6|49.4
4540|-0.5|49.4
4541|-0.4|49.4
4542|-0.3|49.4
4543|-0.2|49.4
4544|-0.1|49.4
4545|0.0|49.4
4546|-10.0|49.5
4547|-9.9|49.5
4548|-9.8|49.5
4549|-9.7|49.5
4550|-9.6|49.5
4551|-9.5|49.5
4552|-9.4|49.5
4553|-9.3|49.5
4554|-9.2|49.5
4555|-9.1|49.5
4556|-9.0|49.5
4557|-8.9|49.5
4558|-8.8|49.5
4559|-8.7|49.5
4560|-8.6|49.5
4561|-8.5|49.5
4562|-8.4|49.5
4563|-8.3|49.5
4564|-8.2|49.5
4565|-8.1|49.5
4566|-8.0|49.5
4567|-7.9|49.5
4568|-7.8|49.5
4569|-7.7|49.5
4570|-7.6|49.5
4571|-7.5|49.5
4572|-7.4|49.5
4573|-7.3|49.5
4574|-7.2|49.5
4575|-7.1|49.5
4576|-7.0|49.5
4577|-6.9|49.5
4578|-6.8|49.5
4579|-6.7|49.5
4580|-6.6|49.5
4581|-6.5|49.5
4582|-6.4|49.5
4583|-6.3|49.5
4584|-6.2|49.5
4585|-6.1|49.5
4586|-6.0|49.5
4587|-5.9|49.5
4588|-5.8|49.5
4589|-5.7|49.5
4590|-5.6|49.5
4591|-5.5|49.5
4592|-5.4|49.5
4593|-5.3|49.5
4594|-5.2|49.5
4595|-5.1|49.5
4596|-5.0|49.5
4597|-4.9|49.5
4598|-4.8|49.5
4599|-4.7|49.5
4600|-4.6|49.5
4601|-4.5|49.5
4602|-4.4|49.5
4603|-4.3|49.5
4604|-4.2|49.5
4605|-4.1|49.5
4606|-4.0|49.5
4607|-3.9|49.5
4608|-3.8|49.5
4609|-3.7|49.5
4610|-3.6|49.5
4611|-3.5|49.5
4612|-3.4|49.5
4613|-3.3|49.5
4614|-3.2|49.5
4615|-3.1|49.5
4616|-3.0|49.5
4617|-2.9|49.5
4618|-2.8|49.5
4619|-2.7|49.5
4620|-2.6|49.5
4621|-2.5|49.5
4622|-2.4|49.5
4623|-2.3|49.5
4624|-2.2|49.5
4625|-2.1|49.5
4626|-2.0|49.5
4627|-1.9|49.5
4628|-1.8|49.5
4629|-1.7|49.5
4630|-1.6|49.5
4631|-1.5|49.5
4632|-1.4|49.5
4633|-1.3|49.5
4634|-1.2|49.5
4635|-1.1|49.5
4636|-1.0|49.5
4637|-0.9|49.5
4638|-0.8|49.5
4639|-0.7|49.5
4640|-0.6|49.5
4641|-0.5|49.5
4642|-0.4|49.5
4643|-0.3|49.5
4644|-0.2|49.5
4645|-0.1|49.5
4646|0.0|49.5
4647|-10.0|49.6
4648|-9.9|49.6
4649|-9.8|49.6
4650|-9.7|49.6
4651|-9.6|49.6
4652|-9.5|49.6
4653|-9.4|49.6
4654|-9.3|49.6
4655|-9.2|49.6
4656|-9.1|49.6
4657|-9.0|49.6
4658|-8.9|49.6
4659|-8.8|49.6
4660|-8.7|49.6
4661|-8.6|49.6
4662|-8.5|49.6
4663|-8.4|49.6
4664|-8.3|49.6
4665|-8.2|49.6
4666|-8.1|49.6
4667|-8.0|49.6
4668|-7.9|49.6
4669|-7.8|49.6
4670|-7.7|49.6
4671|-7.6|49.6
4672|-7.5|49.6
4673|-7.4|49.6
4674|-7.3|49.6
4675|-7.2|49.6
4676|-7.1|49.6
4677|-7.0|49.6
4678|-6.9|49.6
4679|-6.8|49.6
4680|-6.7|49.6
4681|-6.6|49.6
4682|-6.5|49.6
4683|-6.4|49.6
4684|-6.3|49.6
4685|-6.2|49.6
4686|-6.1|49.6
4687|-6.0|49.6
4688|-5.9|49.6
4689|-5.8|49.6
4690|-5.7|49.6
4691|-5.6|49.6
4692|-5.5|49.6
4693|-5.4|49.6
4694|-5.3|49.6
4695|-5.2|49.6
4696|-5.1|49.6
4697|-5.0|49.6
4698|-4.9|49.6
4699|-4.8|49.6
4700|-4.7|49.6
4701|-4.6|49.6
4702|-4.5|49.6
4703|-4.4|49.6
4704|-4.3|49.6
4705|-4.2|49.6
4706|-4.1|49.6
4707|-4.0|49.6
4708|-3.9|49.6
4709|-3.8|49.6
4710|-3.7|49.6
4711|-3.6|49.6
4712|-3.5|49.6
4713|-3.4|49.6
4714|-3.3|49.6
4715|-3.2|49.6
4716|-3.1|49.6
4717|-3.0|49.6
4718|-2.9|49.6
4719|-2.8|49.6
4720|-2.7|49.6
4721|-2.6|49.6
4722|-2.5|49.6
4723|-2.4|49.6
4724|-2.3|49.6
4725|-2.2|49.6
4726|-2.1|49.6
4727|-2.0|49.6
4728|-1.9|49.6
4729|-1.8|49.6
4730|-1.7|49.6
4731|-1.6|49.6
4732|-1.5|49.6
4733|-1.4|49.6
4734|-1.3|49.6
4735|-1.2|49.6
4736|-1.1|49.6
4737|-1.0|49.6
4738|-0.9|49.6
4739|-0.8|49.6
4740|-0.7|49.6
4741|-0.6|49.6
4742|-0.5|49.6
4743|-0.4|49.6
4744|-0.3|49.6
4745|-0.2|49.6
4746|-0.1|49.6
4747|0.0|49.6
4748|-10.0|49.7
4749|-9.9|49.7
4750|-9.8|49.7
4751|-9.7|49.7
4752|-9.6|49.7
4753|-9.5|49.7
4754|-9.4|49.7
4755|-9.3|49.7
4756|-9.2|49.7
4757|-9.1|49.7
4758|-9.0|49.7
4759|-8.9|49.7
4760|-8.8|49.7
4761|-8.7|49.7
4762|-8.6|49.7
4763|-8.5|49.7
4764|-8.4|49.7
4765|-8.3|49.7
4766|-8.2|49.7
4767|-8.1|49.7
4768|-8.0|49.7
4769|-7.9|49.7
4770|-7.8|49.7
4771|-7.7|49.7
4772|-7.6|49.7
4773|-7.5|49.7
4774|-7.4|49.7
4775|-7.3|49.7
4776|-7.2|49.7
4777|-7.1|49.7
4778|-7.0|49.7
4779|-6.9|49.7
4780|-6.8|49.7
4781|-6.7|49.7
4782|-6.6|49.7
4783|-6.5|49.7
4784|-6.4|49.7
4785|-6.3|49.7
4786|-6.2|49.7
4787|-6.1|49.7
4788|-6.0|49.7
4789|-5.9|49.7
4790|-5.8|49.7
4791|-5.7|49.7
4792|-5.6|49.7
4793|-5.5|49.7
4794|-5.4|49.7
4795|-5.3|49.7
4796|-5.2|49.7
4797|-5.1|49.7
4798|-5.0|49.7
4799|-4.9|49.7
4800|-4.8|49.7
4801|-4.7|49.7
4802|-4.6|49.7
4803|-4.5|49.7
4804|-4.4|49.7
4805|-4.3|49.7
4806|-4.2|49.7
4807|-4.1|49.7
4808|-4.0|49.7
4809|-3.9|49.7
4810|-3.8|49.7
4811|-3.7|49.7
4812|-3.6|49.7
4813|-3.5|49.7
4814|-3.4|49.7
4815|-3.3|49.7
4816|-3.2|49.7
4817|-3.1|49.7
4818|-3.0|49.7
4819|-2.9|49.7
4820|-2.8|49.7
4821|-2.7|49.7
4822|-2.6|49.7
4823|-2.5|49.7
4824|-2.4|49.7
4825|-2.3|49.7
4826|-2.2|49.7
4827|-2.1|49.7
4828|-2.0|49.7
4829|-1.9|49.7
4830|-1.8|49.7
4831|-1.7|49.7
4832|-1.6|49.7
4833|-1.5|49.7
4834|-1.4|49.7
4835|-1.3|49.7
4836|-1.2|49.7
4837|-1.1|49.7
4838|-1.0|49.7
4839|-0.9|49.7
4840|-0.8|49.7
4841|-0.7|49.7
4842|-0.6|49.7
4843|-0.5|49.7
4844|-0.4|49.7
4845|-0.3|49.7
4846|-0.2|49.7
4847|-0.1|49.7
4848|0.0|49.7
4849|-10.0|49.8
4850|-9.9|49.8
4851|-9.8|49.8
4852|-9.7|49.8
4853|-9.6|49.8
4854|-9.5|49.8
4855|-9.4|49.8
4856|-9.3|49.8
4857|-9.2|49.8
4858|-9.1|49.8
4859|-9.0|49.8
4860|-8.9|49.8
4861|-8.8|49.8
4862|-8.7|49.8
4863|-8.6|49.8
4864|-8.5|49.8
4865|-8.4|49.8
4866|-8.3|49.8
4867|-8.2|49.8
4868|-8.1|49.8
4869|-8.0|49.8
4870|-7.9|49.8
4871|-7.8|49.8
4872|-7.7|49.8
4873|-7.6|49.8
4874|-7.5|49.8
4875|-7.4|49.8
4876|-7.3|49.8
4877|-7.2|49.8
4878|-7.1|49.8
4879|-7.0|49.8
4880|-6.9|49.8
4881|-6.8|49.8
4882|-6.7|49.8
4883|-6.6|49.8
4884|-6.5|49.8
4885|-6.4|49.8
4886|-6.3|49.8
4887|-6.2|49.8
4888|-6.1|49.8
4889|-6.0|49.8
4890|-5.9|49.8
4891|-5.8|49.8
4892|-5.7|49.8
4893|-5.6|49.8
4894|-5.5|49.8
4895|-5.4|49.8
4896|-5.3|49.8
4897|-5.2|49.8
4898|-5.1|49.8
4899|-5.0|49.8
4900|-4.9|49.8
4901|-4.8|49.8
4902|-4.7|49.8
4903|-4.6|49.8
4904|-4.5|49.8
4905|-4.4|49.8
4906|-4.3|49.8
4907|-4.2|49.8
4908|-4.1|49.8
4909|-4.0|49.8
4910|-3.9|49.8
4911|-3.8|49.8
4912|-3.7|49.8
4913|-3.6|49.8
4914|-3.5|49.8
4915|-3.4|49.8
4916|-3.3|49.8
4917|-3.2|49.8
4918|-3.1|49.8
4919|-3.0|49.8
4920|-2.9|49.8
4921|-2.8|49.8
4922|-2.7|49.8
4923|-2.6|49.8
4924|-2.5|49.8
4925|-2.4|49.8
4926|-2.3|49.8
4927|-2.2|49.8
4928|-2.1|49.8
4929|-2.0|49.8
4930|-1.9|49.8
4931|-1.8|49.8
4932|-1.7|49.8
4933|-1.6|49.8
4934|-1.5|49.8
4935|-1.4|49.8
4936|-1.3|49.8
4937|-1.2|49.8
4938|-1.1|49.8
4939|-1.0|49.8
4940|-0.9|49.8
4941|-0.8|49.8
4942|-0.7|49.8
4943|-0.6|49.8
4944|-0.5|49.8
4945|-0.4|49.8
4946|-0.3|49.8
4947|-0.2|49.8
4948|-0.1|49.8
4949|0.0|49.8
4950|-10.0|49.9
4951|-9.9|49.9
4952|-9.8|49.9
4953|-9.7|49.9
4954|-9.6|49.9
4955|-9.5|49.9
4956|-9.4|49.9
4957|-9.3|49.9
4958|-9.2|49.9
4959|-9.1|49.9
4960|-9.0|49.9
4961|-8.9|49.9
4962|-8.8|49.9
4963|-8.7|49.9
4964|-8.6|49.9
4965|-8.5|49.9
4966|-8.4|49.9
4967|-8.3|49.9
4968|-8.2|49.9
4969|-8.1|49.9
4970|-8.0|49.9
4971|-7.9|49.9
4972|-7.8|49.9
4973|-7.7|49.9
4974|-7.6|49.9
4975|-7.5|49.9
4976|-7.4|49.9
4977|-7.3|49.9
4978|-7.2|49.9
4979|-7.1|49.9
4980|-7.0|49.9
4981|-6.9|49.9
4982|-6.8|49.9
4983|-6.7|49.9
4984|-6.6|49.9
4985|-6.5|49.9
4986|-6.4|49.9
4987|-6.3|49.9
4988|-6.2|49.9
4989|-6.1|49.9
4990|-6.0|49.9
4991|-5.9|49.9
4992|-5.8|49.9
4993|-5.7|49.9
4994|-5.6|49.9
4995|-5.5|49.9
4996|-5.4|49.9
4997|-5.3|49.9
4998|-5.2|49.9
4999|-5.1|49.9
5000|-5.0|49.9
5001|-4.9|49.9
5002|-4.8|49.9
5003|-4.7|49.9
5004|-4.6|49.9
5005|-4.5|49.9
5006|-4.4|49.9
5007|-4.3|49.9
5008|-4.2|49.9
5009|-4.1|49.9
5010|-4.0|49.9
5011|-3.9|49.9
5012|-3.8|49.9
5013|-3.7|49.9
5014|-3.6|49.9
5015|-3.5|49.9
5016|-3.4|49.9
5017|-3.3|49.9
5018|-3.2|49.9
5019|-3.1|49.9
5020|-3.0|49.9
5021|-2.9|49.9
5022|-2.8|49.9
5023|-2.7|49.9
5024|-2.6|49.9
5025|-2.5|49.9
5026|-2.4|49.9
5027|-2.3|49.9
5028|-2.2|49.9
5029|-2.1|49.9
5030|-2.0|49.9
5031|-1.9|49.9
5032|-1.8|49.9
5033|-1.7|49.9
5034|-1.6|49.9
5035|-1.5|49.9
5036|-1.4|49.9
5037|-1.3|49.9
5038|-1.2|49.9
5039|-1.1|49.9
5040|-1.0|49.9
5041|-0.9|49.9
5042|-0.8|49.9
5043|-0.7|49.9
5044|-0.6|49.9
5045|-0.5|49.9
5046|-0.4|49.9
5047|-0.3|49.9
5048|-0.2|49.9
5049|-0.1|49.9
5050|0.0|49.9
5051|-10.0|50.0
5052|-9.9|50.0
5053|-9.8|50.0
5054|-9.7|50.0
5055|-9.6|50.0
5056|-9.5|50.0
5057|-9.4|50.0
5058|-9.3|50.0
5059|-9.2|50.0
5060|-9.1|50.0
5061|-9.0|50.0
5062|-8.9|50.0
5063|-8.8|50.0
5064|-8.7|50.0
5065|-8.6|50.0
5066|-8.5|50.0
5067|-8.4|50.0
5068|-8.3|50.0
5069|-8.2|50.0
5070|-8.1|50.0
5071|-8.0|50.0
5072|-7.9|50.0
5073|-7.8|50.0
5074|-7.7|50.0
5075|-7.6|50.0
5076|-7.5|50.0
5077|-7.4|50.0
5078|-7.3|50.0
5079|-7.2|50.0
5080|-7.1|50.0
5081|-7.0|50.0
5082|-6.9|50.0
5083|-6.8|50.0
5084|-6.7|50.0
5085|-6.6|50.0
5086|-6.5|50.0
5087|-6.4|50.0
5088|-6.3|50.0
5089|-6.2|50.0
5090|-6.1|50.0
5091|-6.0|50.0
5092|-5.9|50.0
5093|-5.8|50.0
5094|-5.7|50.0
5095|-5.6|50.0
5096|-5.5|50.0
5097|-5.4|50.0
5098|-5.3|50.0
5099|-5.2|50.0
5100|-5.1|50.0
5101|-5.0|50.0
5102|-4.9|50.0
5103|-4.8|50.0
5104|-4.7|50.0
5105|-4.6|50.0
5106|-4.5|50.0
5107|-4.4|50.0
5108|-4.3|50.0
5109|-4.2|50.0
5110|-4.1|50.0
5111|-4.0|50.0
5112|-3.9|50.0
5113|-3.8|50.0
5114|-3.7|50.0
5115|-3.6|50.0
5116|-3.5|50.0
5117|-3.4|50.0
5118|-3.3|50.0
5119|-3.2|50.0
5120|-3.1|50.0
5121|-3.0|50.0
5122|-2.9|50.0
5123|-2.8|50.0
5124|-2.7|50.0
5125|-2.6|50.0
5126|-2.5|50.0
5127|-2.4|50.0
5128|-2.3|50.0
5129|-2.2|50.0
5130|-2.1|50.0
5131|-2.0|50.0
5132|-1.9|50.0
5133|-1.8|50.0
5134|-1.7|50.0
5135|-1.6|50.0
5136|-1.5|50.0
5137|-1.4|50.0
5138|-1.3|50.0
5139|-1.2|50.0
5140|-1.1|50.0
5141|-1.0|50.0
5142|-0.9|50.0
5143|-0.8|50.0
5144|-0.7|50.0
5145|-0.6|50.0
5146|-0.5|50.0
5147|-0.4|50.0
5148|-0.3|50.0
5149|-0.2|50.0
5150|-0.1|50.0
5151|0.0|50.0
5152|-10.0|50.1
5153|-9.9|50.1
5154|-9.8|50.1
5155|-9.7|50.1
5156|-9.6|50.1
5157|-9.5|50.1
5158|-9.4|50.1
5159|-9.3|50.1
5160|-9.2|50.1
5161|-9.1|50.1
5162|-9.0|50.1
5163|-8.9|50.1
5164|-8.8|50.1
5165|-8.7|50.1
5166|-8.6|50.1
5167|-8.5|50.1
5168|-8.4|50.1
5169|-8.3|50.1
5170|-8.2|50.1
5171|-8.1|50.1
5172|-8.0|50.1
5173|-7.9|50.1
5174|-7.8|50.1
5175|-7.7|50.1
5176|-7.6|50.1
5177|-7.5|50.1
5178|-7.4|50.1
5179|-7.3|50.1
5180|-7.2|50.1
5181|-7.1|50.1
5182|-7.0|50.1
5183|-6.9|50.1
5184|-6.8|50.1
5185|-6.7|50.1
5186|-6.6|50.1
5187|-6.5|50.1
5188|-6.4|50.1
5189|-6.3|50.1
5190|-6.2|50.1
5191|-6.1|50.1
5192|-6.0|50.1
5193|-5.9|50.1
5194|-5.8|50.1
5195|-5.7|50.1
5196|-5.6|50.1
5197|-5.5|50.1
5198|-5.4|50.1
5199|-5.3|50.1
5200|-5.2|50.1
5201|-5.1|50.1
5202|-5.0|50.1
5203|-4.9|50.1
5204|-4.8|50.1
5205|-4.7|50.1
5206|-4.6|50.1
5207|-4.5|50.1
5208|-4.4|50.1
5209|-4.3|50.1
5210|-4.2|50.1
5211|-4.1|50.1
5212|-4.0|50.1
5213|-3.9|50.1
5214|-3.8|50.1
5215|-3.7|50.1
5216|-3.6|50.1
5217|-3.5|50.1
5218|-3.4|50.1
5219|-3.3|50.1
5220|-3.2|50.1
5221|-3.1|50.1
5222|-3.0|50.1
5223|-2.9|50.1
5224|-2.8|50.1
5225|-2.7|50.1
5226|-2.6|50.1
5227|-2.5|50.1
5228|-2.4|50.1
5229|-2.3|50.1
5230|-2.2|50.1
5231|-2.1|50.1
5232|-2.0|50.1
5233|-1.9|50.1
5234|-1.8|50.1
5235|-1.7|50.1
5236|-1.6|50.1
5237|-1.5|50.1
5238|-1.4|50.1
5239|-1.3|50.1
5240|-1.2|50.1
5241|-1.1|50.1
5242|-1.0|50.1
5243|-0.9|50.1
5244|-0.8|50.1
5245|-0.7|50.1
5246|-0.6|50.1
5247|-0.5|50.1
5248|-0.4|50.1
5249|-0.3|50.1
5250|-0.2|50.1
5251|-0.1|50.1
5252|0.0|50.1
5253|-10.0|50.2
5254|-9.9|50.2
5255|-9.8|50.2
5256|-9.7|50.2
5257|-9.6|50.2
5258|-9.5|50.2
5259|-9.4|50.2
5260|-9.3|50.2
5261|-9.2|50.2
5262|-9.1|50.2
5263|-9.0|50.2
5264|-8.9|50.2
5265|-8.8|50.2
5266|-8.7|50.2
5267|-8.6|50.2
5268|-8.5|50.2
5269|-8.4|50.2
5270|-8.3|50.2
5271|-8.2|50.2
5272|-8.1|50.2
5273|-8.0|50.2
5274|-7.9|50.2
5275|-7.8|50.2
5276|-7.7|50.2
5277|-7.6|50.2
5278|-7.5|50.2
5279|-7.4|50.2
5280|-7.3|50.2
5281|-7.2|50.2
5282|-7.1|50.2
5283|-7.0|50.2
5284|-6.9|50.2
5285|-6.8|50.2
5286|-6.7|50.2
5287|-6.6|50.2
5288|-6.5|50.2
5289|-6.4|50.2
5290|-6.3|50.2
5291|-6.2|50.2
5292|-6.1|50.2
5293|-6.0|50.2
5294|-5.9|50.2
5295|-5.8|50.2
5296|-5.7|50.2
5297|-5.6|50.2
5298|-5.5|50.2
5299|-5.4|50.2
5300|-5.3|50.2
5301|-5.2|50.2
5302|-5.1|50.2
5303|-5.0|50.2
5304|-4.9|50.2
5305|-4.8|50.2
5306|-4.7|50.2
5307|-4.6|50.2
5308|-4.5|50.2
5309|-4.4|50.2
5310|-4.3|50.2
5311|-4.2|50.2
5312|-4.1|50.2
5313|-4.0|50.2
5314|-3.9|50.2
5315|-3.8|50.2
5316|-3.7|50.2
5317|-3.6|50.2
5318|-3.5|50.2
5319|-3.4|50.2
5320|-3.3|50.2
5321|-3.2|50.2
5322|-3.1|50.2
5323|-3.0|50.2
5324|-2.9|50.2
5325|-2.8|50.2
5326|-2.7|50.2
5327|-2.6|50.2
5328|-2.5|50.2
5329|-2.4|50.2
5330|-2.3|50.2
5331|-2.2|50.2
5332|-2.1|50.2
5333|-2.0|50.2
5334|-1.9|50.2
5335|-1.8|50.2
5336|-1.7|50.2
5337|-1.6|50.2
5338|-1.5|50.2
5339|-1.4|50.2
5340|-1.3|50.2
5341|-1.2|50.2
5342|-1.1|50.2
5343|-1.0|50.2
5344|-0.9|50.2
5345|-0.8|50.2
5346|-0.7|50.2
5347|-0.6|50.2
5348|-0.5|50.2
5349|-0.4|50.2
5350|-0.3|50.2
5351|-0.2|50.2
5352|-0.1|50.2
5353|0.0|50.2
5354|-10.0|50.3
5355|-9.9|50.3
5356|-9.8|50.3
5357|-9.7|50.3
5358|-9.6|50.3
5359|-9.5|50.3
5360|-9.4|50.3
5361|-9.3|50.3
5362|-9.2|50.3
5363|-9.1|50.3
5364|-9.0|50.3
5365|-8.9|50.3
5366|-8.8|50.3
5367|-8.7|50.3
5368|-8.6|50.3
5369|-8.5|50.3
5370|-8.4|50.3
5371|-8.3|50.3
5372|-8.2|50.3
5373|-8.1|50.3
5374|-8.0|50.3
5375|-7.9|50.3
5376|-7.8|50.3
5377|-7.7|50.3
5378|-7.6|50.3
5379|-7.5|50.3
5380|-7.4|50.3
5381|-7.3|50.3
5382|-7.2|50.3
5383|-7.1|50.3
5384|-7.0|50.3
5385|-6.9|50.3
5386|-6.8|50.3
5387|-6.7|50.3
5388|-6.6|50.3
5389|-6.5|50.3
5390|-6.4|50.3
5391|-6.3|50.3
5392|-6.2|50.3
5393|-6.1|50.3
5394|-6.0|50.3
5395|-5.9|50.3
5396|-5.8|50.3
5397|-5.7|50.3
5398|-5.6|50.3
5399|-5.5|50.3
5400|-5.4|50.3
5401|-5.3|50.3
5402|-5.2|50.3
5403|-5.1|50.3
5404|-5.0|50.3
5405|-4.9|50.3
5406|-4.8|50.3
5407|-4.7|50.3
5408|-4.6|50.3
5409|-4.5|50.3
5410|-4.4|50.3
5411|-4.3|50.3
5412|-4.2|50.3
5413|-4.1|50.3
5414|-4.0|50.3
5415|-3.9|50.3
5416|-3.8|50.3
5417|-3.7|50.3
5418|-3.6|50.3
5419|-3.5|50.3
5420|-3.4|50.3
5421|-3.3|50.3
5422|-3.2|50.3
5423|-3.1|50.3
5424|-3.0|50.3
5425|-2.9|50.3
5426|-2.8|50.3
5427|-2.7|50.3
5428|-2.6|50.3
5429|-2.5|50.3
5430|-2.4|50.3
5431|-2.3|50.3
5432|-2.2|50.3
5433|-2.1|50.3
5434|-2.0|50.3
5435|-1.9|50.3
5436|-1.8|50.3
5437|-1.7|50.3
5438|-1.6|50.3
5439|-1.5|50.3
5440|-1.4|50.3
5441|-1.3|50.3
5442|-1.2|50.3
5443|-1.1|50.3
5444|-1.0|50.3
5445|-0.9|50.3
5446|-0.8|50.3
5447|-0.7|50.3
5448|-0.6|50.3
5449|-0.5|50.3
5450|-0.4|50.3
5451|-0.3|50.3
5452|-0.2|50.3
5453|-0.1|50.3
5454|0.0|50.3
5455|-10.0|50.4
5456|-9.9|50.4
5457|-9.8|50.4
5458|-9.7|50.4
5459|-9.6|50.4
5460|-9.5|50.4
5461|-9.4|50.4
5462|-9.3|50.4
5463|-9.2|50.4
5464|-9.1|50.4
5465|-9.0|50.4
5466|-8.9|50.4
5467|-8.8|50.4
5468|-8.7|50.4
5469|-8.6|50.4
5470|-8.5|50.4
5471|-8.4|50.4
5472|-8.3|50.4
5473|-8.2|50.4
5474|-8.1|50.4
5475|-8.0|50.4
5476|-7.9|50.4
5477|-7.8|50.4
5478|-7.7|50.4
5479|-7.6|50.4
5480|-7.5|50.4
5481|-7.4|50.4
5482|-7.3|50.4
5483|-7.2|50.4
5484|-7.1|50.4
5485|-7.0|50.4
5486|-6.9|50.4
5487|-6.8|50.4
5488|-6.7|50.4
5489|-6.6|50.4
5490|-6.5|50.4
5491|-6.4|50.4
5492|-6.3|50.4
5493|-6.2|50.4
5494|-6.1|50.4
5495|-6.0|50.4
5496|-5.9|50.4
5497|-5.8|50.4
5498|-5.7|50.4
5499|-5.6|50.4
5500|-5.5|50.4
5501|-5.4|50.4
5502|-5.3|50.4
5503|-5.2|50.4
5504|-5.1|50.4
5505|-5.0|50.4
5506|-4.9|50.4
5507|-4.8|50.4
5508|-4.7|50.4
5509|-4.6|50.4
5510|-4.5|50.4
5511|-4.4|50.4
5512|-4.3|50.4
5513|-4.2|50.4
5514|-4.1|50.4
5515|-4.0|50.4
5516|-3.9|50.4
5517|-3.8|50.4
5518|-3.7|50.4
5519|-3.6|50.4
5520|-3.5|50.4
5521|-3.4|50.4
5522|-3.3|50.4
5523|-3.2|50.4
5524|-3.1|50.4
5525|-3.0|50.4
5526|-2.9|50.4
5527|-2.8|50.4
5528|-2.7|50.4
5529|-2.6|50.4
5530|-2.5|50.4
5531|-2.4|50.4
5532|-2.3|50.4
5533|-2.2|50.4
5534|-2.1|50.4
5535|-2.0|50.4
5536|-1.9|50.4
5537|-1.8|50.4
5538|-1.7|50.4
5539|-1.6|50.4
5540|-1.5|50.4
5541|-1.4|50.4
5542|-1.3|50.4
5543|-1.2|50.4
5544|-1.1|50.4
5545|-1.0|50.4
5546|-0.9|50.4
5547|-0.8|50.4
5548|-0.7|50.4
5549|-0.6|50.4
5550|-0.5|50.4
5551|-0.4|50.4
5552|-0.3|50.4
5553|-0.2|50.4
5554|-0.1|50.4
5555|0.0|50.4
5556|-10.0|50.5
5557|-9.9|50.5
5558|-9.8|50.5
5559|-9.7|50.5
5560|-9.6|50.5
5561|-9.5|50.5
5562|-9.4|50.5
5563|-9.3|50.5
5564|-9.2|50.5
5565|-9.1|50.5
5566|-9.0|50.5
5567|-8.9|50.5
5568|-8.8|50.5
5569|-8.7|50.5
5570|-8.6|50.5
5571|-8.5|50.5
5572|-8.4|50.5
5573|-8.3|50.5
5574|-8.2|50.5
5575|-8.1|50.5
5576|-8.0|50.5
5577|-7.9|50.5
5578|-7.8|50.5
5579|-7.7|50.5
5580|-7.6|50.5
5581|-7.5|50.5
5582|-7.4|50.5
5583|-7.3|50.5
5584|-7.2|50.5
5585|-7.1|50.5
5586|-7.0|50.5
5587|-6.9|50.5
5588|-6.8|50.5
5589|-6.7|50.5
5590|-6.6|50.5
5591|-6.5|50.5
5592|-6.4|50.5
5593|-6.3|50.5
5594|-6.2|50.5
5595|-6.1|50.5
5596|-6.0|50.5
5597|-5.9|50.5
5598|-5.8|50.5
5599|-5.7|50.5
5600|-5.6|50.5
5601|-5.5|50.5
5602|-5.4|50.5
5603|-5.3|50.5
5604|-5.2|50.5
5605|-5.1|50.5
5606|-5.0|50.5
5607|-4.9|50.5
5608|-4.8|50.5
5609|-4.7|50.5
5610|-4.6|50.5
5611|-4.5|50.5
5612|-4.4|50.5
5613|-4.3|50.5
5614|-4.2|50.5
5615|-4.1|50.5
5616|-4.0|50.5
5617|-3.9|50.5
5618|-3.8|50.5
5619|-3.7|50.5
5620|-3.6|50.5
5621|-3.5|50.5
5622|-3.4|50.5
5623|-3.3|50.5
5624|-3.2|50.5
5625|-3.1|50.5
5626|-3.0|50.5
5627|-2.9|50.5
5628|-2.8|50.5
5629|-2.7|50.5
5630|-2.6|50.5
5631|-2.5|50.5
5632|-2.4|50.5
5633|-2.3|50.5
5634|-2.2|50.5
5635|-2.1|50.5
5636|-2.0|50.5
5637|-1.9|50.5
5638|-1.8|50.5
5639|-1.7|50.5
5640|-1.6|50.5
5641|-1.5|50.5
5642|-1.4|50.5
5643|-1.3|50.5
5644|-1.2|50.5
5645|-1.1|50.5
5646|-1.0|50.5
5647|-0.9|50.5
5648|-0.8|50.5
5649|-0.7|50.5
5650|-0.6|50.5
5651|-0.5|50.5
5652|-0.4|50.5
5653|-0.3|50.5
5654|-0.2|50.5
5655|-0.1|50.5
5656|0.0|50.5
5657|-10.0|50.6
5658|-9.9|50.6
5659|-9.8|50.6
5660|-9.7|50.6
5661|-9.6|50.6
5662|-9.5|50.6
5663|-9.4|50.6
5664|-9.3|50.6
5665|-9.2|50.6
5666|-9.1|50.6
5667|-9.0|50.6
5668|-8.9|50.6
5669|-8.8|50.6
5670|-8.7|50.6
5671|-8.6|50.6
5672|-8.5|50.6
5673|-8.4|50.6
5674|-8.3|50.6
5675|-8.2|50.6
5676|-8.1|50.6
5677|-8.0|50.6
5678|-7.9|50.6
5679|-7.8|50.6
5680|-7.7|50.6
5681|-7.6|50.6
5682|-7.5|50.6
5683|-7.4|50.6
5684|-7.3|50.6
5685|-7.2|50.6
5686|-7.1|50.6
5687|-7.0|50.6
5688|-6.9|50.6
5689|-6.8|50.6
5690|-6.7|50.6
5691|-6.6|50.6
5692|-6.5|50.6
5693|-6.4|50.6
5694|-6.3|50.6
5695|-6.2|50.6
5696|-6.1|50.6
5697|-6.0|50.6
5698|-5.9|50.6
5699|-5.8|50.6
5700|-5.7|50.6
5701|-5.6|50.6
5702|-5.5|50.6
5703|-5.4|50.6
5704|-5.3|50.6
5705|-5.2|50.6
5706|-5.1|50.6
5707|-5.0|50.6
5708|-4.9|50.6
5709|-4.8|50.6
5710|-4.7|50.6
5711|-4.6|50.6
5712|-4.5|50.6
5713|-4.4|50.6
5714|-4.3|50.6
5715|-4.2|50.6
5716|-4.1|50.6
5717|-4.0|50.6
5718|-3.9|50.6
5719|-3.8|50.6
5720|-3.7|50.6
5721|-3.6|50.6
5722|-3.5|50.6
5723|-3.4|50.6
5724|-3.3|50.6
5725|-3.2|50.6
5726|-3.1|50.6
5727|-3.0|50.6
5728|-2.9|50.6
5729|-2.8|50.6
5730|-2.7|50.6
5731|-2.6|50.6
5732|-2.5|50.6
5733|-2.4|50.6
5734|-2.3|50.6
5735|-2.2|50.6
5736|-2.1|50.6
5737|-2.0|50.6
5738|-1.9|50.6
5739|-1.8|50.6
5740|-1.7|50.6
5741|-1.6|50.6
5742|-1.5|50.6
5743|-1.4|50.6
5744|-1.3|50.6
5745|-1.2|50.6
5746|-1.1|50.6
5747|-1.0|50.6
5748|-0.9|50.6
5749|-0.8|50.6
5750|-0.7|50.6
5751|-0.6|50.6
5752|-0.5|50.6
5753|-0.4|50.6
5754|-0.3|50.6
5755|-0.2|50.6
5756|-0.1|50.6
5757|0.0|50.6
5758|-10.0|50.7
5759|-9.9|50.7
5760|-9.8|50.7
5761|-9.7|50.7
5762|-9.6|50.7
5763|-9.5|50.7
5764|-9.4|50.7
5765|-9.3|50.7
5766|-9.2|50.7
5767|-9.1|50.7
5768|-9.0|50.7
5769|-8.9|50.7
5770|-8.8|50.7
5771|-8.7|50.7
5772|-8.6|50.7
5773|-8.5|50.7
5774|-8.4|50.7
5775|-8.3|50.7
5776|-8.2|50.7
5777|-8.1|50.7
5778|-8.0|50.7
5779|-7.9|50.7
5780|-7.8|50.7
5781|-7.7|50.7
5782|-7.6|50.7
5783|-7.5|50.7
5784|-7.4|50.7
5785|-7.3|50.7
5786|-7.2|50.7
5787|-7.1|50.7
5788|-7.0|50.7
5789|-6.9|50.7
5790|-6.8|50.7
5791|-6.7|50.7
5792|-6.6|50.7
5793|-6.5|50.7
5794|-6.4|50.7
5795|-6.3|50.7
5796|-6.2|50.7
5797|-6.1|50.7
5798|-6.0|50.7
5799|-5.9|50.7
5800|-5.8|50.7
5801|-5.7|50.7
5802|-5.6|50.7
5803|-5.5|50.7
5804|-5.4|50.7
5805|-5.3|50.7
5806|-5.2|50.7
5807|-5.1|50.7
5808|-5.0|50.7
5809|-4.9|50.7
5810|-4.8|50.7
5811|-4.7|50.7
5812|-4.6|50.7
5813|-4.5|50.7
5814|-4.4|50.7
5815|-4.3|50.7
5816|-4.2|50.7
5817|-4.1|50.7
5818|-4.0|50.7
5819|-3.9|50.7
5820|-3.8|50.7
5821|-3.7|50.7
5822|-3.6|50.7
5823|-3.5|50.7
5824|-3.4|50.7
5825|-3.3|50.7
5826|-3.2|50.7
5827|-3.1|50.7
5828|-3.0|50.7
5829|-2.9|50.7
5830|-2.8|50.7
5831|-2.7|50.7
5832|-2.6|50.7
5833|-2.5|50.7
5834|-2.4|50.7
5835|-2.3|50.7
5836|-2.2|50.7
5837|-2.1|50.7
5838|-2.0|50.7
5839|-1.9|50.7
5840|-1.8|50.7
5841|-1.7|50.7
5842|-1.6|50.7
5843|-1.5|50.7
5844|-1.4|50.7
5845|-1.3|50.7
5846|-1.2|50.7
5847|-1.1|50.7
5848|-1.0|50.7
5849|-0.9|50.7
5850|-0.8|50.7
5851|-0.7|50.7
5852|-0.6|50.7
5853|-0.5|50.7
5854|-0.4|50.7
5855|-0.3|50.7
5856|-0.2|50.7
5857|-0.1|50.7
5858|0.0|50.7
5859|-10.0|50.8
5860|-9.9|50.8
5861|-9.8|50.8
5862|-9.7|50.8
5863|-9.6|50.8
5864|-9.5|50.8
5865|-9.4|50.8
5866|-9.3|50.8
5867|-9.2|50.8
5868|-9.1|50.8
5869|-9.0|50.8
5870|-8.9|50.8
5871|-8.8|50.8
5872|-8.7|50.8
5873|-8.6|50.8
5874|-8.5|50.8
5875|-8.4|50.8
5876|-8.3|50.8
5877|-8.2|50.8
5878|-8.1|50.8
5879|-8.0|50.8
5880|-7.9|50.8
5881|-7.8|50.8
5882|-7.7|50.8
5883|-7.6|50.8
5884|-7.5|50.8
5885|-7.4|50.8
5886|-7.3|50.8
5887|-7.2|50.8
5888|-7.1|50.8
5889|-7.0|50.8
5890|-6.9|50.8
5891|-6.8|50.8
5892|-6.7|50.8
5893|-6.6|50.8
5894|-6.5|50.8
5895|-6.4|50.8
5896|-6.3|50.8
5897|-6.2|50.8
5898|-6.1|50.8
5899|-6.0|50.8
5900|-5.9|50.8
5901|-5.8|50.8
5902|-5.7|50.8
5903|-5.6|50.8
5904|-5.5|50.8
5905|-5.4|50.8
5906|-5.3|50.8
5907|-5.2|50.8
5908|-5.1|50.8
5909|-5.0|50.8
5910|-4.9|50.8
5911|-4.8|50.8
5912|-4.7|50.8
5913|-4.6|50.8
5914|-4.5|50.8
5915|-4.4|50.8
5916|-4.3|50.8
5917|-4.2|50.8
5918|-4.1|50.8
5919|-4.0|50.8
5920|-3.9|50.8
5921|-3.8|50.8
5922|-3.7|50.8
5923|-3.6|50.8
5924|-3.5|50.8
5925|-3.4|50.8
5926|-3.3|50.8
5927|-3.2|50.8
5928|-3.1|50.8
5929|-3.0|50.8
5930|-2.9|50.8
5931|-2.8|50.8
5932|-2.7|50.8
5933|-2.6|50.8
5934|-2.5|50.8
5935|-2.4|50.8
5936|-2.3|50.8
5937|-2.2|50.8
5938|-2.1|50.8
5939|-2.0|50.8
5940|-1.9|50.8
5941|-1.8|50.8
5942|-1.7|50.8
5943|-1.6|50.8
5944|-1.5|50.8
5945|-1.4|50.8
5946|-1.3|50.8
5947|-1.2|50.8
5948|-1.1|50.8
5949|-1.0|50.8
5950|-0.9|50.8
5951|-0.8|50.8
5952|-0.7|50.8
5953|-0.6|50.8
5954|-0.5|50.8
5955|-0.4|50.8
5956|-0.3|50.8
5957|-0.2|50.8
5958|-0.1|50.8
5959|0.0|50.8
5960|-10.0|50.9
5961|-9.9|50.9
5962|-9.8|50.9
5963|-9.7|50.9
5964|-9.6|50.9
5965|-9.5|50.9
5966|-9.4|50.9
5967|-9.3|50.9
5968|-9.2|50.9
5969|-9.1|50.9
5970|-9.0|50.9
5971|-8.9|50.9
5972|-8.8|50.9
5973|-8.7|50.9
5974|-8.6|50.9
5975|-8.5|50.9
5976|-8.4|50.9
5977|-8.3|50.9
5978|-8.2|50.9
5979|-8.1|50.9
5980|-8.0|50.9
5981|-7.9|50.9
5982|-7.8|50.9
5983|-7.7|50.9
5984|-7.6|50.9
5985|-7.5|50.9
5986|-7.4|50.9
5987|-7.3|50.9
5988|-7.2|50.9
5989|-7.1|50.9
5990|-7.0|50.9
5991|-6.9|50.9
5992|-6.8|50.9
5993|-6.7|50.9
5994|-6.6|50.9
5995|-6.5|50.9
5996|-6.4|50.9
5997|-6.3|50.9
5998|-6.2|50.9
5999|-6.1|50.9
6000|-6.0|50.9
6001|-5.9|50.9
6002|-5.8|50.9
6003|-5.7|50.9
6004|-5.6|50.9
6005|-5.5|50.9
6006|-5.4|50.9
6007|-5.3|50.9
6008|-5.2|50.9
6009|-5.1|50.9
6010|-5.0|50.9
6011|-4.9|50.9
6012|-4.8|50.9
6013|-4.7|50.9
6014|-4.6|50.9
6015|-4.5|50.9
6016|-4.4|50.9
6017|-4.3|50.9
6018|-4.2|50.9
6019|-4.1|50.9
6020|-4.0|50.9
6021|-3.9|50.9
6022|-3.8|50.9
6023|-3.7|50.9
6024|-3.6|50.9
6025|-3.5|50.9
6026|-3.4|50.9
6027|-3.3|50.9
6028|-3.2|50.9
6029|-3.1|50.9
6030|-3.0|50.9
6031|-2.9|50.9
6032|-2.8|50.9
6033|-2.7|50.9
6034|-2.6|50.9
6035|-2.5|50.9
6036|-2.4|50.9
6037|-2.3|50.9
6038|-2.2|50.9
6039|-2.1|50.9
6040|-2.0|50.9
6041|-1.9|50.9
6042|-1.8|50.9
6043|-1.7|50.9
6044|-1.6|50.9
6045|-1.5|50.9
6046|-1.4|50.9
6047|-1.3|50.9
6048|-1.2|50.9
6049|-1.1|50.9
6050|-1.0|50.9
6051|-0.9|50.9
6052|-0.8|50.9
6053|-0.7|50.9
6054|-0.6|50.9
6055|-0.5|50.9
6056|-0.4|50.9
6057|-0.3|50.9
6058|-0.2|50.9
6059|-0.1|50.9
6060|0.0|50.9
6061|-10.0|51.0
6062|-9.9|51.0
6063|-9.8|51.0
6064|-9.7|51.0
6065|-9.6|51.0
6066|-9.5|51.0
6067|-9.4|51.0
6068|-9.3|51.0
6069|-9.2|51.0
6070|-9.1|51.0
6071|-9.0|51.0
6072|-8.9|51.0
6073|-8.8|51.0
6074|-8.7|51.0
6075|-8.6|51.0
6076|-8.5|51.0
6077|-8.4|51.0
6078|-8.3|51.0
6079|-8.2|51.0
6080|-8.1|51.0
6081|-8.0|51.0
6082|-7.9|51.0
6083|-7.8|51.0
6084|-7.7|51.0
6085|-7.6|51.0
6086|-7.5|51.0
6087|-7.4|51.0
6088|-7.3|51.0
6089|-7.2|51.0
6090|-7.1|51.0
6091|-7.0|51.0
6092|-6.9|51.0
6093|-6.8|51.0
6094|-6.7|51.0
6095|-6.6|51.0
6096|-6.5|51.0
6097|-6.4|51.0
6098|-6.3|51.0
6099|-6.2|51.0
6100|-6.1|51.0
6101|-6.0|51.0
6102|-5.9|51.0
6103|-5.8|51.0
6104|-5.7|51.0
6105|-5.6|51.0
6106|-5.5|51.0
6107|-5.4|51.0
6108|-5.3|51.0
6109|-5.2|51.0
6110|-5.1|51.0
6111|-5.0|51.0
6112|-4.9|51.0
6113|-4.8|51.0
6114|-4.7|51.0
6115|-4.6|51.0
6116|-4.5|51.0
6117|-4.4|51.0
6118|-4.3|51.0
6119|-4.2|51.0
6120|-4.1|51.0
6121|-4.0|51.0
6122|-3.9|51.0
6123|-3.8|51.0
6124|-3.7|51.0
6125|-3.6|51.0
6126|-3.5|51.0
6127|-3.4|51.0
6128|-3.3|51.0
6129|-3.2|51.0
6130|-3.1|51.0
6131|-3.0|51.0
6132|-2.9|51.0
6133|-2.8|51.0
6134|-2.7|51.0
6135|-2.6|51.0
6136|-2.5|51.0
6137|-2.4|51.0
6138|-2.3|51.0
6139|-2.2|51.0
6140|-2.1|51.0
6141|-2.0|51.0
6142|-1.9|51.0
6143|-1.8|51.0
6144|-1.7|51.0
6145|-1.6|51.0
6146|-1.5|51.0
6147|-1.4|51.0
6148|-1.3|51.0
6149|-1.2|51.0
6150|-1.1|51.0
6151|-1.0|51.0
6152|-0.9|51.0
6153|-0.8|51.0
6154|-0.7|51.0
6155|-0.6|51.0
6156|-0.5|51.0
6157|-0.4|51.0
6158|-0.3|51.0
6159|-0.2|51.0
6160|-0.1|51.0
6161|0.0|51.0
